ID,Account Owner,Account Name,Phone,Email,Website,Country,Created Time,Modified Time
20262000000175001,20262000000035001,Zoho,1 888 900 9646,support@zohodesk.com,https://www.zoho.com/,United States,2024-06-24 16:53:34,2024-07-09 23:06:38
20262000000227007,20262000000035001,Benton (Sample),,,,,2024-07-09 23:04:07,2024-07-09 23:04:07
20262000000227010,20262000000035001,Chanay (Sample),,,,,2024-07-09 23:04:07,2024-07-09 23:04:07
20262000000227013,20262000000035001,Chemel (Sample),,,,,2024-07-09 23:04:07,2024-07-09 23:04:07
20262000000227016,20262000000035001,Feltz Printing Service (Sample),,,,,2024-07-09 23:04:07,2024-07-09 23:04:07
20262000000227019,20262000000035001,Printing Dimensions (Sample),,,,,2024-07-09 23:04:07,2024-07-09 23:04:07
20262000000227022,20262000000035001,Chapman (Sample),,,,,2024-07-09 23:04:07,2024-07-09 23:04:07
20262000000227025,20262000000035001,Morlong Associates (Sample),,,,,2024-07-09 23:04:07,2024-07-09 23:04:07
20262000000227028,20262000000035001,Commercial Press (Sample),,,,,2024-07-09 23:04:07,2024-07-09 23:04:07
20262000000227031,20262000000035001,Truhlar And Truhlar (Sample),,,,,2024-07-09 23:04:07,2024-07-09 23:04:07
20262000000227034,20262000000035001,King (Sample),,,,,2024-07-09 23:04:07,2024-07-09 23:04:07
20262000000227037,20262000000035001,Acme (Sample),,,,,2024-07-09 23:04:07,2024-09-12 15:20:17
20262000000227040,20262000000035001,Global Media (Sample),,,,,2024-07-09 23:04:07,2024-09-12 15:20:17
20262000000227043,20262000000035001,salesforce.com (Sample),,,,,2024-07-09 23:04:07,2024-09-12 15:20:17
20262000000227046,20262000000035001,test OITC,,,,,2024-07-09 23:04:07,2024-09-12 15:20:17
20262000000227049,20262000000035001,Test Business Account,,,,,2024-07-09 23:04:07,2024-09-12 15:20:17
20262000000227052,20262000000035001,Areeba test Khan,,,,,2024-07-09 23:04:07,2024-09-12 15:20:17
20262000000227055,20262000000035001,Person Account Automation Test,,,,,2024-07-09 23:04:07,2024-09-12 15:20:18
20262000000227058,20262000000035001,Person Account Test 002,,,,,2024-07-09 23:04:07,2024-09-12 15:20:18
20262000000227061,20262000000035001,test person Account,,,,,2024-07-09 23:04:07,2024-09-12 15:20:18
20262000000227064,20262000000035001,Test Person Account 003,,,,,2024-07-09 23:04:07,2024-09-12 15:20:18
20262000000227067,20262000000035001,UAT1,,,,,2024-07-09 23:04:07,2024-09-12 15:20:18
20262000000227070,20262000000035001,UAT Pharmacist Dr,,,,,2024-07-09 23:04:07,2024-09-12 15:20:18
20262000000227073,20262000000035001,PRIME GROUP,,,,,2024-07-09 23:04:07,2024-09-12 15:20:18
20262000000227076,20262000000035001,Chemist Discount Centre,,,,,2024-07-09 23:04:07,2024-09-12 15:20:18
20262000000227079,20262000000035001,CDC EHILLS,,,,,2024-07-09 23:04:07,2024-09-12 15:20:18
20262000000227082,20262000000035001,Steve Quoc Bao Pham,,,,,2024-07-09 23:04:07,2024-09-12 15:20:18
20262000000227085,20262000000035001,Ballarat family Care Pharmacy,,,,,2024-07-09 23:04:07,2024-08-22 16:33:12
20262000000227088,20262000000035001,Nouraldein Abouzeid,,,,,2024-07-09 23:04:07,2024-09-12 15:20:18
20262000000227091,20262000000035001,Nikola Stankovic,,,,,2024-07-09 23:04:07,2024-09-12 15:20:18
20262000000227094,20262000000035001,Penelope Rainbow,,,,,2024-07-09 23:04:07,2024-09-12 15:20:18
20262000000227097,20262000000035001,South Yarra Pharmacy,,,,,2024-07-09 23:04:07,2024-08-22 16:33:26
2.0262E+16,20262000000035001,Macleod Pharmacy,,,,,2024-07-09 23:04:07,2024-08-22 16:33:07
20262000000227103,20262000000035001,Mina Wanis,,,,,2024-07-09 23:04:07,2024-09-12 15:20:18
20262000000227106,20262000000035001,Furui Hu,,,,,2024-07-09 23:04:07,2024-09-12 15:20:18
20262000000227109,20262000000035001,Olaremi Agbede,,,,,2024-07-09 23:04:07,2024-09-12 15:20:18
20262000000227112,20262000000035001,Bhavita Patel,,,,,2024-07-09 23:04:07,2024-09-12 15:20:18
20262000000227115,20262000000035001,JENG RUEY NG,,,,,2024-07-09 23:04:07,2024-09-12 15:20:18
20262000000227118,20262000000035001,Peng Hor,,,,,2024-07-09 23:04:07,2024-09-12 15:20:18
20262000000227121,20262000000035001,Hamsa Vigneswaran,,,,,2024-07-09 23:04:07,2024-09-12 15:20:18
20262000000227124,20262000000035001,Ee Shin Yu,,,,,2024-07-09 23:04:07,2024-09-12 15:20:18
20262000000227127,20262000000035001,Brighton Pharmacy,,,,,2024-07-09 23:04:07,2024-08-22 16:33:21
20262000000227130,20262000000035001,Junwoo Bang,,,,,2024-07-09 23:04:07,2024-09-12 15:20:18
20262000000227133,20262000000035001,Orbost Pharmacy,,,,,2024-07-09 23:04:07,2024-08-22 16:32:59
20262000000227136,20262000000035001,DCO Brentford Square,,,,,2024-07-09 23:04:07,2024-08-22 16:33:16
20262000000227139,20262000000035001,Lakes Esplanade Pharmacy,,,,,2024-07-09 23:04:07,2024-08-22 16:33:19
20262000000227142,20262000000035001,Lakes Riviera Amcal Pharmacy,,,,,2024-07-09 23:04:07,2024-08-22 16:33:07
20262000000227145,20262000000035001,Wondai Pharmacy,,,,,2024-07-09 23:04:07,2024-08-22 16:32:59
20262000000227148,20262000000035001,Lakes Boulevard Pharmacy,,,,,2024-07-09 23:04:07,2024-08-22 16:33:13
20262000000227151,20262000000035001,Priceline Pharmacy Carrum Downs,,,,,2024-07-09 23:04:07,2024-08-22 16:33:00
20262000000227154,20262000000035001,Ramy Girgis,,,,,2024-07-09 23:04:07,2024-09-12 15:20:18
20262000000227157,20262000000035001,Hayat Ibrahim,,,,,2024-07-09 23:04:07,2024-09-12 15:20:18
20262000000227160,20262000000035001,Jonathan Hurst,,,,,2024-07-09 23:04:07,2024-09-12 15:20:18
20262000000227163,20262000000035001,Mark Iacono,,,,,2024-07-09 23:04:07,2024-09-12 15:20:18
20262000000227166,20262000000035001,Priceline Pharmacy Surfers Paradise,,,,,2024-07-09 23:04:07,2024-08-22 16:33:09
20262000000227169,20262000000035001,Wentworth pharmacy,,,,,2024-07-09 23:04:07,2024-08-22 16:33:18
20262000000227172,20262000000035001,ATARA pharmacy foresthill,,,,,2024-07-09 23:04:07,2024-08-22 16:33:19
20262000000227175,20262000000035001,Infinity Group,,,,,2024-07-09 23:04:07,2024-09-12 15:20:18
20262000000227178,20262000000035001,Ventura Health,,,,,2024-07-09 23:04:07,2024-09-12 15:20:19
20262000000227181,20262000000035001,Prime Pharmacy Group HQ,,,,,2024-07-09 23:04:07,2025-10-28 14:35:25
20262000000227184,20262000000035001,Direct Chemist Outlet HQ (DCO),,,,,2024-07-09 23:04:07,2024-09-12 15:20:19
20262000000227187,20262000000035001,Priceline Pharmacy Loganholme,,,,,2024-07-09 23:04:07,2024-08-22 16:33:17
20262000000227190,20262000000035001,Priceline Pharmacy Southport Park,,,,,2024-07-09 23:04:07,2024-08-22 16:33:25
20262000000227193,20262000000035001,Priceline Pharmacy Beaudesert,,,,,2024-07-09 23:04:07,2024-08-22 16:33:00
20262000000227196,20262000000035001,Doaa Soliman,,,,,2024-07-09 23:04:07,2024-09-12 15:20:19
20262000000227199,20262000000035001,Wei Lim,,,,,2024-07-09 23:04:07,2024-09-12 15:20:19
20262000000227202,20262000000035001,Priceline Pharmacy Chancellor Park,,,,,2024-07-09 23:04:07,2024-08-22 16:32:59
20262000000227205,20262000000035001,Priceline Pharmacy Ascot,,,,,2024-07-09 23:04:07,2024-08-22 16:32:59
20262000000227208,20262000000035001,Rachel Hill,,,,,2024-07-09 23:04:07,2024-09-12 15:20:19
20262000000227211,20262000000035001,Aryan Shahabi-Sirjani,,,,,2024-07-09 23:04:07,2024-09-12 15:20:19
20262000000227214,20262000000035001,Mohamed El Assad,,,,,2024-07-09 23:04:07,2024-09-12 15:20:19
20262000000227217,20262000000035001,Yu Ling Victoria Ng,,,,,2024-07-09 23:04:07,2024-09-12 15:20:19
20262000000227220,20262000000035001,Priceline Pharmacy Woodford,,,,,2024-07-09 23:04:07,2024-08-22 16:33:07
20262000000227223,20262000000035001,Cincotta Chemist Blacktown,,,,,2024-07-09 23:04:07,2024-08-22 16:33:17
20262000000227226,20262000000035001,Chemist Discount Centre Westpoint,,,,,2024-07-09 23:04:07,2024-08-22 16:33:15
20262000000227229,20262000000035001,Pharmacy focus mount annan,,,,,2024-07-09 23:04:07,2024-08-22 16:33:16
20262000000227232,20262000000035001,Camperdown Pharmacy,,,,,2024-07-09 23:04:07,2024-08-22 16:33:14
20262000000227235,20262000000035001,Priceline Robina lower,,,,,2024-07-09 23:04:07,2024-08-22 16:33:21
20262000000227238,20262000000035001,Priceline Pharmacy Woy Woy,,,,,2024-07-09 23:04:07,2024-08-22 16:33:01
20262000000227241,20262000000035001,KIT MING WONG,,,,,2024-07-09 23:04:07,2024-09-12 15:20:19
20262000000227244,20262000000035001,Priceline Pharmacy Underwood,,,,,2024-07-09 23:04:07,2024-08-22 16:33:00
20262000000227247,20262000000035001,Priceline Pharmacy Oasis,,,,,2024-07-09 23:04:07,2024-08-22 16:33:10
20262000000227250,20262000000035001,Jeffin Jones,,,,,2024-07-09 23:04:07,2024-09-12 15:20:19
20262000000227253,20262000000035001,Samreet Gill,,,,,2024-07-09 23:04:07,2024-09-12 15:20:19
20262000000227256,20262000000035001,Dhirajkumar Patel,,,,,2024-07-09 23:04:07,2024-09-12 15:20:19
20262000000227259,20262000000035001,Lee Hallam,,,,,2024-07-09 23:04:07,2024-09-12 15:20:19
20262000000227262,20262000000035001,Chris Stephanos,,,,,2024-07-09 23:04:07,2024-09-12 15:20:19
20262000000227265,20262000000035001,Mirae Choy,,,,,2024-07-09 23:04:07,2024-09-12 15:20:19
20262000000227268,20262000000035001,Dallas D'Costa,,,,,2024-07-09 23:04:07,2024-09-12 15:20:19
20262000000227271,20262000000035001,Direct Chemist Outlet Brisbane Airport,,,,,2024-07-09 23:04:07,2024-08-22 16:33:26
20262000000227274,20262000000035001,Pharmasave Elizabeth Pharmacy,,,,,2024-07-09 23:04:07,2024-08-22 16:33:15
20262000000227277,20262000000035001,Blooms The Chemist Daylesford,,,,,2024-07-09 23:04:07,2024-08-22 16:33:01
20262000000227280,20262000000035001,Hongrak Park,,,,,2024-07-09 23:04:07,2024-09-12 15:20:19
20262000000227283,20262000000035001,Blooms the Chemist Baldivis,,,,,2024-07-09 23:04:07,2024-08-22 16:33:17
20262000000227286,20262000000035001,Eden Discount Pharmacy,,,,,2024-07-09 23:04:07,2024-08-22 16:32:59
20262000000227289,20262000000035001,TerryWhite Chemmart Alstonville Plaza,,,,,2024-07-09 23:04:07,2024-08-22 16:33:01
20262000000227292,20262000000035001,Neil Mair,,,,,2024-07-09 23:04:07,2024-09-12 15:20:19
20262000000227295,20262000000035001,Newtown Discount Drug Store,,,,,2024-07-09 23:04:07,2024-08-22 16:33:00
20262000000227298,20262000000035001,Clifton Hill Pharmacy,,,,,2024-07-09 23:04:07,2024-08-22 16:33:09
20262000000227301,20262000000035001,Solida Sam,,,,,2024-07-09 23:04:07,2024-09-12 15:20:19
20262000000227304,20262000000035001,Elena Geaher,,,,,2024-07-09 23:04:07,2024-09-12 15:20:19
20262000000227307,20262000000035001,Michael Chan,,,,,2024-07-09 23:04:07,2024-09-12 15:20:19
20262000000227310,20262000000035001,Nermine Makar,,,,,2024-07-09 23:04:07,2024-09-12 15:20:19
20262000000227313,20262000000035001,John Marino,,,,,2024-07-09 23:04:07,2024-09-12 15:20:19
20262000000227316,20262000000035001,Glenn Bennett-Hullin,,,,,2024-07-09 23:04:07,2024-09-12 15:20:19
20262000000227319,20262000000035001,Priceline Pharmacy Calamvale,,,,,2024-07-09 23:04:07,2024-08-22 16:33:07
20262000000227322,20262000000035001,Pharmasave Elizabeth Pharmacy,,,,,2024-07-09 23:04:07,2024-07-09 23:04:07
20262000000227325,20262000000035001,Karlie Anne Teis,,,,,2024-07-09 23:04:07,2024-09-12 15:20:20
20262000000227328,20262000000035001,Wai Long Li,,,,,2024-07-09 23:04:07,2024-09-12 15:20:20
20262000000227331,20262000000035001,Yiyao Wang,,,,,2024-07-09 23:04:07,2024-09-12 15:20:20
20262000000227334,20262000000035001,Timothy Cherloaba,,,,,2024-07-09 23:04:07,2024-09-12 15:20:20
20262000000227337,20262000000035001,Vishalini Ravichandran,,,,,2024-07-09 23:04:07,2024-09-12 15:20:20
20262000000227340,20262000000035001,Yiyao Wang,,,,,2024-07-09 23:04:07,2024-07-09 23:04:07
20262000000227343,20262000000035001,Priceline Pharmacy Horsham,,,,,2024-07-09 23:04:07,2024-08-22 16:33:17
20262000000227346,20262000000035001,Health Corner Pharmacy,,,,,2024-07-09 23:04:07,2024-08-22 16:33:01
20262000000227349,20262000000035001,Health Corner Pharmacy,,,,,2024-07-09 23:04:07,2024-07-09 23:04:07
20262000000227352,20262000000035001,George Simon Mendria,,,,,2024-07-09 23:04:07,2024-09-12 15:20:22
20262000000227355,20262000000035001,Direct Chemist Outlet Curlewis,,,,,2024-07-09 23:04:07,2024-08-22 16:33:23
20262000000227358,20262000000035001,Priceline Pharmacy Rockhampton Lower,,,,,2024-07-09 23:04:07,2024-08-22 16:32:59
20262000000227361,20262000000035001,Buronga Pharmacy,,,,,2024-07-09 23:04:07,2024-08-22 16:33:14
20262000000227364,20262000000035001,Priceline Pharmacy Morayfield,,,,,2024-07-09 23:04:07,2024-08-22 16:33:22
20262000000227367,20262000000035001,Direct Chemist Outlet Marian,,,,,2024-07-09 23:04:07,2024-08-22 16:33:09
20262000000227370,20262000000035001,Chemist warehouse Manly,,,,,2024-07-09 23:04:07,2024-08-22 16:33:16
20262000000227373,20262000000035001,TerryWhite Chemmart Plumpton,,,,,2024-07-09 23:04:07,2024-08-22 16:33:06
20262000000227376,20262000000035001,Maria Teresa Turchi,,,,,2024-07-09 23:04:07,2024-09-12 15:20:22
20262000000227379,20262000000035001,Andy Liang,,,,,2024-07-09 23:04:07,2024-09-12 15:20:22
20262000000227382,20262000000035001,Thomas Forster,,,,,2024-07-09 23:04:07,2024-09-12 15:20:22
20262000000227385,20262000000035001,wing yee ng,,,,,2024-07-09 23:04:07,2024-09-12 15:20:22
20262000000227388,20262000000035001,Lily Smith,,,,,2024-07-09 23:04:07,2024-09-12 15:20:22
20262000000227391,20262000000035001,Antwan Ghaly,,,,,2024-07-09 23:04:07,2024-09-12 15:20:22
20262000000227394,20262000000035001,Linh Nguyen,,,,,2024-07-09 23:04:07,2024-09-12 15:20:22
20262000000227397,20262000000035001,Priceline Pharmacy Albert Street (Festival Towers),,,,,2024-07-09 23:04:07,2024-08-22 16:32:58
2.0262E+16,20262000000035001,Narraweena Pharmacy,,,,,2024-07-09 23:04:07,2024-08-22 16:33:00
20262000000227403,20262000000035001,Ienaam Khatib,,,,,2024-07-09 23:04:07,2024-09-12 15:20:22
20262000000227406,20262000000035001,Mina Mettias,,,,,2024-07-09 23:04:07,2024-09-12 15:20:22
20262000000227409,20262000000035001,Oatlands Pharmacy,,,,,2024-07-09 23:04:07,2024-08-22 16:33:11
20262000000227412,20262000000035001,Stawell Pharmacy,,,,,2024-07-09 23:04:07,2024-08-22 16:33:16
20262000000227415,20262000000035001,Chun Wong,,,,,2024-07-09 23:04:07,2024-09-12 15:20:22
20262000000227418,20262000000035001,Khadijah Houli,,,,,2024-07-09 23:04:07,2024-09-12 15:20:22
20262000000227421,20262000000035001,Blooms the Chemist Cranbourne,,,,,2024-07-09 23:04:07,2024-08-22 16:33:22
20262000000227424,20262000000035001,Johnny Locum,,,,,2024-07-09 23:04:07,2024-09-12 15:20:22
20262000000227427,20262000000035001,Prime Group,,,,,2024-07-09 23:04:07,2024-07-09 23:04:07
20262000000227430,20262000000035001,Chemist Discount Centre Shepparton,,,,,2024-07-09 23:04:07,2024-08-22 16:32:58
20262000000227433,20262000000035001,Celine Dhieux,,,,,2024-07-09 23:04:07,2024-09-12 15:20:22
20262000000227436,20262000000035001,xinneeling@hotmail.com xinneeling@hotmail.com,,,,,2024-07-09 23:04:07,2024-09-12 15:20:22
20262000000227439,20262000000035001,sandurutk@gmail.com sandurutk@gmail.com,,,,,2024-07-09 23:04:07,2024-09-12 15:20:22
20262000000227442,20262000000035001,Jean Okech,,,,,2024-07-09 23:04:07,2024-09-12 15:20:22
20262000000227445,20262000000035001,Ghaiath AL-ATTAR,,,,,2024-07-09 23:04:07,2024-09-12 15:20:23
20262000000227448,20262000000035001,Basim Gamil Abdalaa,,,,,2024-07-09 23:04:07,2024-09-12 15:20:23
20262000000227451,20262000000035001,Terry Quang Le,,,,,2024-07-09 23:04:07,2024-09-12 15:20:23
20262000000227454,20262000000035001,Rachel Wong,,,,,2024-07-09 23:04:07,2024-09-12 15:20:23
20262000000227457,20262000000035001,Carly Kennedy,,,,,2024-07-09 23:04:07,2024-09-12 15:20:23
20262000000227460,20262000000035001,Hung Sau Chan,,,,,2024-07-09 23:04:07,2024-09-12 15:20:23
20262000000227463,20262000000035001,Ruqiya Al-ibrahimi,,,,,2024-07-09 23:04:07,2024-09-12 15:20:23
20262000000227466,20262000000035001,Naorin Islam,,,,,2024-07-09 23:04:07,2024-09-12 15:20:23
20262000000227469,20262000000035001,Thi Tuyet Phuong Nguyen,,,,,2024-07-09 23:04:07,2024-09-12 15:20:23
20262000000227472,20262000000035001,Rachael Ellis,,,,,2024-07-09 23:04:07,2024-09-12 15:20:23
20262000000227475,20262000000035001,Jamie Yuen Ting Kwong,,,,,2024-07-09 23:04:07,2024-09-12 15:20:23
20262000000227478,20262000000035001,Vaishali Khatri,,,,,2024-07-09 23:04:07,2024-09-12 15:20:23
20262000000227481,20262000000035001,Joseph Graan,,,,,2024-07-09 23:04:07,2024-09-12 15:20:23
20262000000227484,20262000000035001,tazabrahamm@outlook.com,,,,,2024-07-09 23:04:07,2024-09-12 15:20:23
20262000000227487,20262000000035001,Michelle Ngo,,,,,2024-07-09 23:04:07,2024-09-12 15:20:23
20262000000227490,20262000000035001,Wisam Sa’oor,,,,,2024-07-09 23:04:07,2024-09-12 15:20:23
20262000000227493,20262000000035001,ankurpatel215@gmail.com,,,,,2024-07-09 23:04:07,2024-09-12 15:20:23
20262000000227496,20262000000035001,lalyndfajardo@yahoo.com,,,,,2024-07-09 23:04:07,2024-09-12 15:20:24
20262000000227499,20262000000035001,Damian Ingham,,,,,2024-07-09 23:04:07,2024-09-12 15:20:24
20262000000227502,20262000000035001,dianakalas1@hotmail.com,,,,,2024-07-09 23:04:07,2024-09-12 15:20:24
20262000000227505,20262000000035001,rindapang99@gmail.com,,,,,2024-07-09 23:04:07,2024-09-12 15:20:24
20262000000227508,20262000000035001,Christopher Warren Figg,,,,,2024-07-09 23:04:07,2024-09-12 15:20:24
20262000000227511,20262000000035001,layndfajardo@yahoo.com,,,,,2024-07-09 23:04:07,2024-09-12 15:20:24
20262000000227514,20262000000035001,Brandon Te,,,,,2024-07-09 23:04:07,2024-09-12 15:20:24
20262000000227517,20262000000035001,Lynn Mensah,,,,,2024-07-09 23:04:07,2024-09-12 15:20:24
20262000000227520,20262000000035001,ellajude07@gmail.com,,,,,2024-07-09 23:04:07,2024-09-12 15:20:24
20262000000227523,20262000000035001,Matthew Hardie,,,,,2024-07-09 23:04:07,2024-09-12 15:20:24
20262000000227526,20262000000035001,chyap7@hotmail.com,,,,,2024-07-09 23:04:07,2024-09-12 15:20:24
20262000000227529,20262000000035001,kevinwu32one@gmail.com,,,,,2024-07-09 23:04:07,2024-09-12 15:20:24
20262000000227532,20262000000035001,Cristine Ng,,,,,2024-07-09 23:04:07,2024-09-12 15:20:24
20262000000227535,20262000000035001,bassant.maher.87@gmail.com,,,,,2024-07-09 23:04:07,2024-09-12 15:20:24
20262000000227538,20262000000035001,ameermehany@yahoo.com,,,,,2024-07-09 23:04:07,2024-09-12 15:20:24
20262000000227541,20262000000035001,Ameera Chohan,,,,,2024-07-09 23:04:07,2024-09-12 15:20:24
20262000000227544,20262000000035001,tengweirong@hotmail.com,,,,,2024-07-09 23:04:07,2024-09-12 15:20:24
20262000000227547,20262000000035001,aaya.w13@gmail.com,,,,,2024-07-09 23:04:07,2024-09-12 15:20:24
20262000000227550,20262000000035001,Jacob Kay-Reid,,,,,2024-07-09 23:04:07,2024-09-12 15:20:24
20262000000227553,20262000000035001,Bahaa Shokralla,,,,,2024-07-09 23:04:07,2024-09-12 15:20:24
20262000000227556,20262000000035001,dsengul@gmail.com,,,,,2024-07-09 23:04:07,2024-09-12 15:20:24
20262000000227559,20262000000035001,Teresa Tountzis,,,,,2024-07-09 23:04:07,2024-09-12 15:20:24
20262000000227562,20262000000035001,davidttt50@gmail.com,,,,,2024-07-09 23:04:07,2024-09-12 15:20:24
20262000000227565,20262000000035001,Tommy Wee,,,,,2024-07-09 23:04:07,2024-09-12 15:20:24
20262000000227568,20262000000035001,alexwit19@gmail.com,,,,,2024-07-09 23:04:07,2024-09-12 15:20:24
20262000000227571,20262000000035001,alistaly@hotmail.com,,,,,2024-07-09 23:04:07,2024-09-12 15:20:25
20262000000227574,20262000000035001,Grace Chong,,,,,2024-07-09 23:04:07,2024-09-12 15:20:25
20262000000227577,20262000000035001,kianaroseg@gmail.com,,,,,2024-07-09 23:04:07,2024-09-12 15:20:25
20262000000227580,20262000000035001,Catherine Trosky,,,,,2024-07-09 23:04:07,2024-09-12 15:20:25
20262000000227583,20262000000035001,Ellen Christena South,,,,,2024-07-09 23:04:07,2024-09-12 15:20:25
20262000000227586,20262000000035001,utahhawkins40@gmail.com,,,,,2024-07-09 23:04:07,2024-09-12 15:20:25
20262000000227589,20262000000035001,Angela Cherian,,,,,2024-07-09 23:04:07,2024-09-12 15:20:25
20262000000227592,20262000000035001,Irene Sudarikova,,,,,2024-07-09 23:04:07,2024-09-12 15:20:25
20262000000227595,20262000000035001,Melton Pharmacy Superstore,,,,,2024-07-09 23:04:07,2024-08-22 16:33:17
20262000000227598,20262000000035001,Blooms the chemist Daylesford,,,,,2024-07-09 23:04:07,2024-08-22 16:33:19
20262000000227601,20262000000035001,Alexander Tsing-Hei Lui,,,,,2024-07-09 23:04:07,2024-09-12 15:20:25
20262000000227604,20262000000035001,Christine Halim,,,,,2024-07-09 23:04:07,2024-09-12 15:20:25
20262000000227607,20262000000035001,Anne Barbot,,,,,2024-07-09 23:04:07,2024-09-12 15:20:25
20262000000227610,20262000000035001,Michael Tien Yung Ngo,,,,,2024-07-09 23:04:07,2024-09-12 15:20:25
20262000000227613,20262000000035001,Yaren Bakir,,,,,2024-07-09 23:04:07,2024-09-12 15:20:25
20262000000227616,20262000000035001,JIll Truloff,,,,,2024-07-09 23:04:07,2024-09-12 15:20:25
20262000000227619,20262000000035001,Richard Cox,,,,,2024-07-09 23:04:07,2024-09-12 15:20:25
20262000000227622,20262000000035001,Wesley Loo,,,,,2024-07-09 23:04:07,2024-09-12 15:20:25
20262000000227625,20262000000035001,Angela Harvey,,,,,2024-07-09 23:04:07,2024-09-12 15:20:25
20262000000227628,20262000000035001,Wei Wee Jessie Loh,,,,,2024-07-09 23:04:07,2024-09-12 15:20:25
20262000000227631,20262000000035001,Martha Azar,,,,,2024-07-09 23:04:07,2024-09-12 15:20:25
20262000000227634,20262000000035001,Shobana Mahendran,,,,,2024-07-09 23:04:07,2024-09-12 15:20:25
20262000000227637,20262000000035001,Jake Irvine,,,,,2024-07-09 23:04:07,2024-09-12 15:20:25
20262000000227640,20262000000035001,Irene Sudarikova,,,,,2024-07-09 23:04:07,2024-07-09 23:04:07
20262000000227643,20262000000035001,Kazia-Marie Reid,,,,,2024-07-09 23:04:07,2024-09-12 15:20:25
20262000000227646,20262000000035001,Giverny McCord,,,,,2024-07-09 23:04:07,2024-09-12 15:20:25
20262000000227649,20262000000035001,Shaggana Vivekanandarajah,,,,,2024-07-09 23:04:07,2024-09-12 15:20:25
20262000000227652,20262000000035001,Shannon Fong,,,,,2024-07-09 23:04:07,2024-09-12 15:20:25
20262000000227655,20262000000035001,Wael Ramadan,,,,,2024-07-09 23:04:07,2024-09-12 15:20:25
20262000000227658,20262000000035001,Ene Peter,,,,,2024-07-09 23:04:07,2024-09-12 15:20:25
20262000000227661,20262000000035001,Marwa Kamarelddin,,,,,2024-07-09 23:04:07,2024-09-12 15:20:25
20262000000227664,20262000000035001,Leah Fisher,,,,,2024-07-09 23:04:07,2024-09-12 15:20:26
20262000000227667,20262000000035001,Robert Kumar,,,,,2024-07-09 23:04:07,2024-09-12 15:20:26
20262000000227670,20262000000035001,Ihuoma Bernadine Duru,,,,,2024-07-09 23:04:07,2024-09-12 15:20:26
20262000000227673,20262000000035001,Jonathon Clark,,,,,2024-07-09 23:04:07,2024-09-12 15:20:26
20262000000227676,20262000000035001,Mina Morcos,,,,,2024-07-09 23:04:07,2024-09-12 15:20:26
20262000000227679,20262000000035001,Hui Wyn Khng,,,,,2024-07-09 23:04:07,2024-09-12 15:20:26
20262000000227682,20262000000035001,Allen Joy,,,,,2024-07-09 23:04:07,2024-09-12 15:20:26
20262000000227685,20262000000035001,Alex Duc Minh Nguyen,,,,,2024-07-09 23:04:07,2024-09-12 15:20:26
20262000000227688,20262000000035001,Nicole Nian Ke Lee,,,,,2024-07-09 23:04:07,2024-09-12 15:20:26
20262000000227691,20262000000035001,Niki Popova-Clark,,,,,2024-07-09 23:04:07,2024-09-12 15:20:26
20262000000227694,20262000000035001,Shayal Raniga,,,,,2024-07-09 23:04:07,2024-09-12 15:20:26
20262000000227697,20262000000035001,john Williams,,,,,2024-07-09 23:04:07,2024-09-12 15:20:26
2.0262E+16,20262000000035001,Wan Chong Boon,,,,,2024-07-09 23:04:07,2024-09-12 15:20:26
20262000000227703,20262000000035001,Betelhem Berka,,,,,2024-07-09 23:04:07,2024-09-12 15:20:26
20262000000227706,20262000000035001,Po-Ya Wu,,,,,2024-07-09 23:04:07,2024-09-12 15:20:26
20262000000227709,20262000000035001,Hany Farag,,,,,2024-07-09 23:04:07,2024-09-12 15:20:26
20262000000227712,20262000000035001,Neveen n Toma,,,,,2024-07-09 23:04:07,2024-09-12 15:20:26
20262000000227715,20262000000035001,Christopher Upton,,,,,2024-07-09 23:04:07,2024-09-12 15:20:26
20262000000227718,20262000000035001,Amina Shah,,,,,2024-07-09 23:04:07,2024-09-12 15:20:26
20262000000227721,20262000000035001,Hannah Kim,,,,,2024-07-09 23:04:07,2024-09-12 15:20:26
20262000000227724,20262000000035001,Mahsa Kandimahforoujaki,,,,,2024-07-09 23:04:07,2024-09-12 15:20:26
20262000000227727,20262000000035001,Jessica Williams,,,,,2024-07-09 23:04:07,2024-09-12 15:20:26
20262000000227730,20262000000035001,Jodie Andrews,,,,,2024-07-09 23:04:07,2024-09-12 15:20:26
20262000000227733,20262000000035001,Beng Hsuen Neoh,,,,,2024-07-09 23:04:07,2024-09-12 15:20:26
20262000000227736,20262000000035001,Chuanpei Li,,,,,2024-07-09 23:04:07,2024-09-12 15:20:26
20262000000227739,20262000000035001,Dina Tadros,,,,,2024-07-09 23:04:07,2024-09-12 15:20:26
20262000000227742,20262000000035001,Ahmed Taha,,,,,2024-07-09 23:04:07,2024-09-12 15:20:27
20262000000227745,20262000000035001,Erieny Youssef,,,,,2024-07-09 23:04:07,2024-09-12 15:20:27
20262000000227748,20262000000035001,Karan Kapadia,,,,,2024-07-09 23:04:07,2024-09-12 15:20:27
20262000000227751,20262000000035001,Tarek Gadelhak,,,,,2024-07-09 23:04:07,2024-09-12 15:20:27
20262000000227754,20262000000035001,Sandy Morcos,,,,,2024-07-09 23:04:07,2024-09-12 15:20:27
20262000000227757,20262000000035001,Kar Yee Lee,,,,,2024-07-09 23:04:07,2024-09-12 15:20:27
20262000000227760,20262000000035001,Pratichhya Guni,,,,,2024-07-09 23:04:07,2024-09-12 15:20:27
20262000000227763,20262000000035001,Won jun Chung,,,,,2024-07-09 23:04:07,2024-09-12 15:20:27
20262000000227766,20262000000035001,Shou Fang Shou Fang,,,,,2024-07-09 23:04:07,2024-09-12 15:20:27
20262000000227769,20262000000035001,Lara Alexander,,,,,2024-07-09 23:04:07,2024-09-12 15:20:27
20262000000227772,20262000000035001,Sylvio Michel,,,,,2024-07-09 23:04:07,2024-09-12 15:20:27
20262000000227775,20262000000035001,Emmy Yassa,,,,,2024-07-09 23:04:07,2024-09-12 15:20:27
20262000000227778,20262000000035001,Cik Yin Lee,,,,,2024-07-09 23:04:07,2024-09-12 15:20:27
20262000000227781,20262000000035001,Jie Lu van der Horst,,,,,2024-07-09 23:04:07,2024-09-12 15:20:27
20262000000227784,20262000000035001,Hassan El-Saafien,,,,,2024-07-09 23:04:07,2024-09-12 15:20:27
20262000000227787,20262000000035001,Jefferson Solano,,,,,2024-07-09 23:04:07,2024-09-12 15:20:27
20262000000227790,20262000000035001,Georgia Louise Harrison,,,,,2024-07-09 23:04:07,2024-09-12 15:20:27
20262000000227793,20262000000035001,Shefali Parekh,,,,,2024-07-09 23:04:07,2024-09-12 15:20:27
20262000000227796,20262000000035001,Samantha Ruskin,,,,,2024-07-09 23:04:07,2024-09-12 15:20:27
20262000000227799,20262000000035001,Dharati Devesh Patel,,,,,2024-07-09 23:04:07,2024-09-12 15:20:27
20262000000227802,20262000000035001,Roshnie Roshnie,,,,,2024-07-09 23:04:07,2024-09-12 15:20:28
20262000000227805,20262000000035001,Rahul Mehta,,,,,2024-07-09 23:04:07,2024-09-12 15:20:28
20262000000227808,20262000000035001,Janetzko Lyxen Mangune,,,,,2024-07-09 23:04:07,2024-09-12 15:20:28
20262000000227811,20262000000035001,Rebecca Cox,,,,,2024-07-09 23:04:07,2024-09-12 15:20:28
20262000000227814,20262000000035001,Naina Paul,,,,,2024-07-09 23:04:07,2024-09-12 15:20:28
20262000000227817,20262000000035001,Priceline Pharmacy Findlay Weymouth,,,,,2024-07-09 23:04:07,2024-08-22 16:33:15
20262000000227820,20262000000035001,Healesville Walk Pharmacy,,,,,2024-07-09 23:04:07,2024-08-22 16:33:26
20262000000227823,20262000000035001,East Gosford Pharmacy,,,,,2024-07-09 23:04:07,2024-08-22 16:33:21
20262000000227826,20262000000035001,Caloundra Chempro Chemist,,,,,2024-07-09 23:04:07,2024-08-22 16:33:08
20262000000227829,20262000000035001,Woori Yallock Pharmacy,,,,,2024-07-09 23:04:07,2024-08-22 16:33:05
20262000000227832,20262000000035001,Dennis Kilmartin Pharmacy Seymour,,,,,2024-07-09 23:04:07,2024-08-22 16:33:26
20262000000227835,20262000000035001,Star Discount chemist Narangba,,,,,2024-07-09 23:04:07,2024-08-22 16:33:17
20262000000227838,20262000000035001,Dolls Point Pharmacy,,,,,2024-07-09 23:04:07,2024-08-22 16:33:02
20262000000227841,20262000000035001,Chemist Discount Centre Wallan,,,,,2024-07-09 23:04:07,2024-08-22 16:33:00
20262000000227844,20262000000035001,David Jones Pharmacy,,,,,2024-07-09 23:04:07,2024-08-22 16:32:58
20262000000227847,20262000000035001,Infinity Pharmacy Hurstville,,,,,2024-07-09 23:04:07,2024-08-22 16:33:08
20262000000227850,20262000000035001,Direct Chemist Outlet Target,,,,,2024-07-09 23:04:07,2024-08-22 16:33:15
20262000000227853,20262000000035001,Pratichhya Guni,,,,,2024-07-09 23:04:07,2024-07-09 23:04:07
20262000000227856,20262000000035001,Runyararo Mubaira,,,,,2024-07-09 23:04:07,2024-09-12 15:20:29
20262000000227859,20262000000035001,Joyce Maza,,,,,2024-07-09 23:04:07,2024-09-12 15:20:29
20262000000227862,20262000000035001,Sandra Youssef,,,,,2024-07-09 23:04:07,2024-09-12 15:20:29
20262000000227865,20262000000035001,Andrew Georgy,,,,,2024-07-09 23:04:07,2024-09-12 15:20:29
20262000000227868,20262000000035001,Christopher Hanna,,,,,2024-07-09 23:04:07,2024-09-12 15:20:29
20262000000227871,20262000000035001,Lisa Aliprandi,,,,,2024-07-09 23:04:07,2024-09-12 15:20:29
20262000000227874,20262000000035001,Kay kean Lim,,,,,2024-07-09 23:04:07,2024-09-12 15:20:29
20262000000227877,20262000000035001,Nada Ilyas Sheikh,,,,,2024-07-09 23:04:07,2024-09-12 15:20:29
20262000000227880,20262000000035001,Bilal Chmeisse,,,,,2024-07-09 23:04:07,2024-09-12 15:20:29
20262000000227883,20262000000035001,Star Discount Chemist Maleny,,,,,2024-07-09 23:04:07,2024-08-22 16:33:16
20262000000227886,20262000000035001,Elle Kuong,,,,,2024-07-09 23:04:07,2024-09-12 15:20:29
20262000000227889,20262000000035001,Wayne George,,,,,2024-07-09 23:04:07,2024-09-12 15:20:29
20262000000227892,20262000000035001,Diarmid Skelly,,,,,2024-07-09 23:04:07,2024-09-12 15:20:29
20262000000227895,20262000000035001,Justin James Gillies,,,,,2024-07-09 23:04:07,2024-09-12 15:20:29
20262000000227898,20262000000035001,ROSS GIRVAN,,,,,2024-07-09 23:04:07,2024-09-12 15:20:29
20262000000227901,20262000000035001,Ashley Ball,,,,,2024-07-09 23:04:07,2024-09-12 15:20:29
20262000000227904,20262000000035001,Janelle Dockray,,,,,2024-07-09 23:04:07,2024-09-12 15:20:29
20262000000227907,20262000000035001,Mikie Mikie,,,,,2024-07-09 23:04:07,2024-09-12 15:20:29
20262000000227910,20262000000035001,Kenny Nguyen,,,,,2024-07-09 23:04:07,2024-09-12 15:20:29
20262000000227913,20262000000035001,Mohammed Hasan,,,,,2024-07-09 23:04:07,2024-09-12 15:20:29
20262000000227916,20262000000035001,Tiffanie Daisy Sugianto,,,,,2024-07-09 23:04:07,2024-09-12 15:20:30
20262000000227919,20262000000035001,William Holland,,,,,2024-07-09 23:04:07,2024-09-12 15:20:30
20262000000227922,20262000000035001,Natasha Halliday,,,,,2024-07-09 23:04:07,2024-09-12 15:20:30
20262000000227925,20262000000035001,Chemist Discount Centre Niddrie,,,,,2024-07-09 23:04:07,2024-08-22 16:33:11
20262000000227928,20262000000035001,TerryWhite Chemmart Oxley,,,,,2024-07-09 23:04:07,2024-08-22 16:33:08
20262000000227931,20262000000035001,Star Discount Chemist The Gap,,,,,2024-07-09 23:04:07,2024-08-22 16:33:21
20262000000227934,20262000000035001,TRARALGON PHARMACY,,,,,2024-07-09 23:04:07,2024-08-22 16:33:19
20262000000227937,20262000000035001,Karl Peressin,,,,,2024-07-09 23:04:07,2024-09-12 15:20:30
20262000000227940,20262000000035001,Qing Yang,,,,,2024-07-09 23:04:07,2024-09-12 15:20:30
20262000000227943,20262000000035001,Zunaira Abbas,,,,,2024-07-09 23:04:07,2024-09-12 15:20:30
20262000000227946,20262000000035001,Dennis Chen,,,,,2024-07-09 23:04:07,2024-09-12 15:20:30
20262000000227949,20262000000035001,Rebecca Miltiadou,,,,,2024-07-09 23:04:07,2024-09-12 15:20:30
20262000000227952,20262000000035001,Nguyen Minh Phuong Tran,,,,,2024-07-09 23:04:07,2024-09-12 15:20:30
20262000000227955,20262000000035001,Dillon Heagney,,,,,2024-07-09 23:04:07,2024-09-12 15:20:30
20262000000227958,20262000000035001,Sarah Agha,,,,,2024-07-09 23:04:07,2024-09-12 15:20:30
20262000000227961,20262000000035001,Jillian Porter,,,,,2024-07-09 23:04:07,2024-09-12 15:20:30
20262000000227964,20262000000035001,Yi Peng Tan,,,,,2024-07-09 23:04:07,2024-09-12 15:20:30
20262000000227967,20262000000035001,Michael Abid,,,,,2024-07-09 23:04:07,2024-09-12 15:20:30
20262000000227970,20262000000035001,Michelle Rosenthal,,,,,2024-07-09 23:04:07,2024-09-12 15:20:30
20262000000227973,20262000000035001,Kim Le,,,,,2024-07-09 23:04:07,2024-09-12 15:20:30
20262000000227976,20262000000035001,John Street pharmacy,,,,,2024-07-09 23:04:07,2024-08-22 16:33:06
20262000000227979,20262000000035001,Phuong Bui,,,,,2024-07-09 23:04:07,2024-09-12 15:20:30
20262000000227982,20262000000035001,Kelsey Brosnan,,,,,2024-07-09 23:04:07,2024-09-12 15:20:30
20262000000227985,20262000000035001,Michael Artz,,,,,2024-07-09 23:04:07,2024-09-12 15:20:30
20262000000227988,20262000000035001,Siti Maryam Binti Fazili,,,,,2024-07-09 23:04:07,2024-09-12 15:20:30
20262000000227991,20262000000035001,Arvi Shah,,,,,2024-07-09 23:04:07,2024-09-12 15:20:30
20262000000227994,20262000000035001,Benet Tomy Thekkel,,,,,2024-07-09 23:04:07,2024-09-12 15:20:30
20262000000227997,20262000000035001,Remon Estefanous,,,,,2024-07-09 23:04:07,2024-09-12 15:20:30
2.0262E+16,20262000000035001,Melissa Chiem,,,,,2024-07-09 23:04:07,2024-09-12 15:20:30
20262000000228003,20262000000035001,Phi long Lam,,,,,2024-07-09 23:04:07,2024-09-12 15:20:30
20262000000228006,20262000000035001,Qiao Ying Bong,,,,,2024-07-09 23:04:07,2024-09-12 15:20:30
20262000000228009,20262000000035001,Chintan Patel,,,,,2024-07-09 23:04:07,2024-09-12 15:20:30
20262000000228012,20262000000035001,Mariam Safwat Danial Beshay,,,,,2024-07-09 23:04:07,2024-09-12 15:20:31
20262000000228015,20262000000035001,eunchung jang,,,,,2024-07-09 23:04:07,2024-09-12 15:20:31
20262000000228018,20262000000035001,Steve Quoc Bao Pham,,,,,2024-07-09 23:04:07,2024-07-09 23:04:07
20262000000228021,20262000000035001,Deronah Gounden,,,,,2024-07-09 23:04:07,2024-09-12 15:20:31
20262000000228024,20262000000035001,Andrew Mulquiney,,,,,2024-07-09 23:04:07,2024-09-12 15:20:31
20262000000228027,20262000000035001,Currumbin Fair Amcal,,,,,2024-07-09 23:04:07,2024-08-22 16:33:18
20262000000228030,20262000000035001,Young Tiaw,,,,,2024-07-09 23:04:07,2024-09-12 15:20:31
20262000000228033,20262000000035001,Loc Nguyen,,,,,2024-07-09 23:04:07,2024-09-12 15:20:31
20262000000228036,20262000000035001,sharifa shewly,,,,,2024-07-09 23:04:07,2024-09-12 15:20:31
20262000000228039,20262000000035001,Anglesea Pharmacy,,,,,2024-07-09 23:04:07,2024-08-22 16:33:18
20262000000228042,20262000000035001,Eagle Heights Pharmacy,,,,,2024-07-09 23:04:07,2024-08-22 16:33:08
20262000000228045,20262000000035001,Terrywhite Chemmart Coomera East,,,,,2024-07-09 23:04:07,2024-08-22 16:33:04
20262000000228048,20262000000035001,Acton Health Pharmacy,,,,,2024-07-09 23:04:07,2024-08-22 16:33:21
20262000000228051,20262000000035001,Advantage Pharmacy Elsternwick,,,,,2024-07-09 23:04:07,2024-08-22 16:33:26
20262000000228054,20262000000035001,West Mackay Pharmacy,,,,,2024-07-09 23:04:07,2024-08-22 16:32:59
20262000000228057,20262000000035001,Mina Abdboctor,,,,,2024-07-09 23:04:07,2024-09-12 15:20:31
20262000000228060,20262000000035001,Mary Tullipan,,,,,2024-07-09 23:04:07,2024-09-12 15:20:31
20262000000228063,20262000000035001,Star Discount Chemist Waterford,,,,,2024-07-09 23:04:07,2024-08-22 16:33:21
20262000000228066,20262000000035001,Galston Village Pharmacy,,,,,2024-07-09 23:04:07,2024-08-22 16:33:22
20262000000228069,20262000000035001,Andrew Barker,,,,,2024-07-09 23:04:07,2024-09-12 15:20:31
20262000000228072,20262000000035001,Star Discount Chemist Croydon,,,,,2024-07-09 23:04:07,2024-08-22 16:33:05
20262000000228075,20262000000035001,Discount Pharmacy Australia Balwyn,,,,,2024-07-09 23:04:07,2024-09-12 15:20:31
20262000000228078,20262000000035001,Matthew Al-humrany,,,,,2024-07-09 23:04:07,2024-09-12 15:20:31
20262000000228081,20262000000035001,Burts Village Pharmacy,,,,,2024-07-09 23:04:07,2024-08-22 16:33:01
20262000000228084,20262000000035001,Yorkeys Knob Pharmacy,,,,,2024-07-09 23:04:07,2024-08-22 16:33:17
20262000000228087,20262000000035001,Star Discount Pharmacy Magill,,,,,2024-07-09 23:04:07,2024-08-22 16:33:04
20262000000228090,20262000000035001,Jeng Hsiung Leong,,,,,2024-07-09 23:04:07,2024-09-12 15:20:31
20262000000228093,20262000000035001,Orrong Pharmacy,,,,,2024-07-09 23:04:07,2024-08-22 16:33:22
20262000000228096,20262000000035001,Advantage Pharmacy Elsternwick,,,,,2024-07-09 23:04:07,2024-07-09 23:04:07
20262000000228099,20262000000035001,Clayton Taylor,,,,,2024-07-09 23:04:07,2024-09-12 15:20:31
20262000000228102,20262000000035001,Natalia Henderson,,,,,2024-07-09 23:04:07,2024-09-12 15:20:31
20262000000228105,20262000000035001,Daniel Phuong,,,,,2024-07-09 23:04:07,2024-09-12 15:20:32
20262000000228108,20262000000035001,Natalia Henderson,,,,,2024-07-09 23:04:07,2024-07-09 23:04:07
20262000000228111,20262000000035001,Mustafa Allahverdi,,,,,2024-07-09 23:04:07,2024-09-12 15:20:32
20262000000228114,20262000000035001,Direct Chemist Outlet Bega,,,,,2024-07-09 23:04:07,2024-09-12 15:20:32
20262000000228117,20262000000035001,Chemist Depot Epping,,,,,2024-07-09 23:04:07,2024-08-22 16:33:13
20262000000228120,20262000000035001,Priceline Pharmacy Springwood,,,,,2024-07-09 23:04:07,2024-08-22 16:33:11
20262000000228123,20262000000035001,TerryWhite Chemmart Runaway Bay,,,,,2024-07-09 23:04:07,2024-08-22 16:33:08
20262000000228126,20262000000035001,Priceline Pharmacy Helensvale,,,,,2024-07-09 23:04:07,2024-08-22 16:33:22
20262000000228129,20262000000035001,Shivangi Chand,,,,,2024-07-09 23:04:07,2024-09-12 15:20:32
20262000000228132,20262000000035001,Jenny Mair,,,,,2024-07-09 23:04:07,2024-09-12 15:20:32
20262000000228135,20262000000035001,Kenilworth pharmacy,,,,,2024-07-09 23:04:07,2024-08-22 16:33:14
20262000000228138,20262000000035001,Pharmacy360 Black Rock,,,,,2024-07-09 23:04:07,2024-08-22 16:32:58
20262000000228141,20262000000035001,Janelle Murphy,,,,,2024-07-09 23:04:07,2024-09-12 15:20:32
20262000000228144,20262000000035001,Direct chemist outlet Fountain Gate,,,,,2024-07-09 23:04:07,2024-08-22 16:33:12
20262000000228147,20262000000035001,Bharti Choudhary,,,,,2024-07-09 23:04:07,2024-09-12 15:20:32
20262000000228150,20262000000035001,Advantage Pharmacy Elsternwick,,,,,2024-07-09 23:04:07,2024-07-09 23:04:07
20262000000228153,20262000000035001,TerryWhite Chemmart Margate,,,,,2024-07-09 23:04:07,2024-08-22 16:33:02
20262000000228156,20262000000035001,TerryWhite Chemmart Pacific Fair,,,,,2024-07-09 23:04:07,2024-08-22 16:33:19
20262000000228159,20262000000035001,Puvana Krishnan,,,,,2024-07-09 23:04:07,2024-09-12 15:20:32
20262000000228162,20262000000035001,Matthew Vuksanovic,,,,,2024-07-09 23:04:07,2024-09-12 15:20:32
20262000000228165,20262000000035001,Rohit Nandal,,,,,2024-07-09 23:04:07,2024-09-12 15:20:32
20262000000228168,20262000000035001,Pharmacy 777 Flinders,,,,,2024-07-09 23:04:07,2024-08-22 16:33:25
20262000000228171,20262000000035001,Good Price Pharmacy - Zillmere,,,,,2024-07-09 23:04:07,2024-08-22 16:33:24
20262000000228174,20262000000035001,Ferny grove discount drug store,,,,,2024-07-09 23:04:07,2024-08-22 16:33:09
20262000000228177,20262000000035001,Priceline Brandon Park,,,,,2024-07-09 23:04:07,2024-08-22 16:33:02
20262000000228180,20262000000035001,Mwamvua Msambya,,,,,2024-07-09 23:04:07,2024-09-12 15:20:32
20262000000228183,20262000000035001,Daisy Gu,,,,,2024-07-09 23:04:07,2024-09-12 15:20:32
20262000000228186,20262000000035001,Prince Patel,,,,,2024-07-09 23:04:07,2024-09-12 15:20:32
20262000000228189,20262000000035001,Akime Marisa,,,,,2024-07-09 23:04:07,2024-09-12 15:20:32
20262000000228192,20262000000035001,Evie Nguyen,,,,,2024-07-09 23:04:07,2024-09-12 15:20:32
20262000000228195,20262000000035001,Broadbeach Waters pharmacy,,,,,2024-07-09 23:04:07,2024-08-22 16:33:24
20262000000228198,20262000000035001,Nicholas Kollios,,,,,2024-07-09 23:04:07,2024-09-12 15:20:32
20262000000228201,20262000000035001,Victoria Harbour Pharmacy,,,,,2024-07-09 23:04:07,2024-08-22 16:33:20
20262000000228204,20262000000035001,CHIH-HSIN LISA WANG,,,,,2024-07-09 23:04:07,2024-09-12 15:20:32
20262000000228207,20262000000035001,Priceline Pharmacy Corrimal,,,,,2024-07-09 23:04:07,2024-08-22 16:33:21
20262000000228210,20262000000035001,Craig Stephens,,,,,2024-07-09 23:04:07,2024-09-12 15:20:32
20262000000228213,20262000000035001,Ming Ka Ho,,,,,2024-07-09 23:04:07,2024-09-12 15:20:32
20262000000228216,20262000000035001,Sarah Mason,,,,,2024-07-09 23:04:07,2024-09-12 15:20:32
20262000000228219,20262000000035001,Haysam Jarid,,,,,2024-07-09 23:04:07,2024-09-12 15:20:32
20262000000228222,20262000000035001,Anthony Vo,,,,,2024-07-09 23:04:07,2024-09-12 15:20:32
20262000000228225,20262000000035001,Ocean Grove Terrace Pharmacy,,,,,2024-07-09 23:04:07,2024-08-22 16:33:22
20262000000228228,20262000000035001,Danielle Lucy Pearce,,,,,2024-07-09 23:04:07,2024-09-12 15:20:32
20262000000228231,20262000000035001,Moree Balo Street Pharmacy,,,,,2024-07-09 23:04:07,2024-09-12 15:20:32
20262000000228234,20262000000035001,Nicholas Montaldo volachec,,,,,2024-07-09 23:04:07,2024-09-12 15:20:32
20262000000228237,20262000000035001,Peter Ghobros,,,,,2024-07-09 23:04:07,2024-09-12 15:20:32
20262000000228240,20262000000035001,Chemist Discount Centre Caboolture,,,,,2024-07-09 23:04:07,2024-08-22 16:33:06
20262000000228243,20262000000035001,Star Pharmacy Middle Park,,,,,2024-07-09 23:04:07,2024-08-22 16:33:00
20262000000228246,20262000000035001,Brett Currie,,,,,2024-07-09 23:04:07,2024-09-12 15:20:32
20262000000228249,20262000000035001,Nabil EDELBI,,,,,2024-07-09 23:04:07,2024-09-12 15:20:32
20262000000228252,20262000000035001,Amanda Nematalla,,,,,2024-07-09 23:04:07,2024-09-12 15:20:33
20262000000228255,20262000000035001,Kar Yee Lee,,,,,2024-07-09 23:04:07,2024-07-09 23:04:07
20262000000228258,20262000000035001,DIMITY DAVIES,,,,,2024-07-09 23:04:07,2024-09-12 15:20:33
20262000000228261,20262000000035001,Steven Cong Dang Nguyen,,,,,2024-07-09 23:04:07,2024-09-12 15:20:33
20262000000228264,20262000000035001,Adel Michel,,,,,2024-07-09 23:04:07,2024-09-12 15:20:34
20262000000228267,20262000000035001,Jigar Patel,,,,,2024-07-09 23:04:07,2024-09-12 15:20:34
20262000000228270,20262000000035001,Jean Zhi Jing Lau,,,,,2024-07-09 23:04:07,2024-09-12 15:20:34
20262000000228273,20262000000035001,Yining Liu,,,,,2024-07-09 23:04:07,2024-09-12 15:20:34
20262000000228276,20262000000035001,Onur Karatas,,,,,2024-07-09 23:04:07,2024-09-12 15:20:34
20262000000228279,20262000000035001,Parastou Wright,,,,,2024-07-09 23:04:07,2024-09-12 15:20:34
20262000000228282,20262000000035001,Theresa Tab,,,,,2024-07-09 23:04:07,2024-09-12 15:20:34
20262000000228285,20262000000035001,Philip Higgs,,,,,2024-07-09 23:04:07,2024-09-12 15:20:34
20262000000228288,20262000000035001,Ying San Chung,,,,,2024-07-09 23:04:07,2024-09-12 15:20:34
20262000000228291,20262000000035001,Ormond Amcal Pharmacy,,,,,2024-07-09 23:04:07,2024-08-22 16:33:03
20262000000228294,20262000000035001,Rushworth Pharmacy,,,,,2024-07-09 23:04:07,2024-08-22 16:33:00
20262000000228297,20262000000035001,Akime Marisa,,,,,2024-07-09 23:04:07,2024-07-09 23:04:07
2.0262E+16,20262000000035001,Priceline Pharmacy Murwillumbah,,,,,2024-07-09 23:04:07,2024-08-22 16:33:11
20262000000228303,20262000000035001,Ji Yoon Choi,,,,,2024-07-09 23:04:07,2024-09-12 15:20:34
20262000000228306,20262000000035001,Maged Gerges,,,,,2024-07-09 23:04:07,2024-09-12 15:20:34
20262000000228309,20262000000035001,Infinity pharmacy Point vernon,,,,,2024-07-09 23:04:07,2024-08-22 16:33:15
20262000000228312,20262000000035001,Kwun On Ho,,,,,2024-07-09 23:04:07,2024-09-12 15:20:34
20262000000228315,20262000000035001,Ankita Bhatt,,,,,2024-07-09 23:04:07,2024-09-12 15:20:34
20262000000228318,20262000000035001,Gessane Marie Lipat,,,,,2024-07-09 23:04:07,2024-09-12 15:20:34
20262000000228321,20262000000035001,SHAMILLA Cynthia Coldwell,,,,,2024-07-09 23:04:07,2024-09-12 15:20:34
20262000000228324,20262000000035001,Advantage Pharmacy Lakeside,,,,,2024-07-09 23:04:07,2024-08-22 16:33:13
20262000000228327,20262000000035001,Carewell Pharmacy Camberwell Road,,,,,2024-07-09 23:04:07,2024-08-22 16:33:10
20262000000228330,20262000000035001,Cincotta Discount Chemist Toukley,,,,,2024-07-09 23:04:07,2024-08-22 16:33:04
20262000000228333,20262000000035001,Bayside Community Pharmacy,,,,,2024-07-09 23:04:07,2024-08-22 16:33:13
20262000000228336,20262000000035001,Priceline Pharmacy South City,,,,,2024-07-09 23:04:07,2024-08-22 16:33:06
20262000000228339,20262000000035001,yungaburra pharmacy,,,,,2024-07-09 23:04:07,2024-08-22 16:32:58
20262000000228342,20262000000035001,Amos Scull,,,,,2024-07-09 23:04:07,2024-09-12 15:20:34
20262000000228345,20262000000035001,Elfrey Lau,,,,,2024-07-09 23:04:07,2024-09-12 15:20:34
20262000000228348,20262000000035001,Cincotta Discount Chemist Westmeadows,,,,,2024-07-09 23:04:07,2024-08-22 16:33:20
20262000000228351,20262000000035001,Infinity Pharmacy Deniliquin,,,,,2024-07-09 23:04:07,2024-08-22 16:33:07
20262000000228354,20262000000035001,Gary Wakeling,,,,,2024-07-09 23:04:07,2024-09-12 15:20:34
20262000000228357,20262000000035001,Balgownie Village Pharmacy,,,,,2024-07-09 23:04:07,2024-08-22 16:33:06
20262000000228360,20262000000035001,Infinity Pharmacy Broadbeach,,,,,2024-07-09 23:04:07,2024-08-22 16:33:23
20262000000228363,20262000000035001,Aram Shaabo,,,,,2024-07-09 23:04:07,2024-09-12 15:20:34
20262000000228366,20262000000035001,Rainbow community pharmacy,,,,,2024-07-09 23:04:07,2024-08-22 16:33:08
20262000000228369,20262000000035001,Gregory Reid,,,,,2024-07-09 23:04:07,2024-09-12 15:20:34
20262000000228372,20262000000035001,Infinity Pharmacy Woy Woy,,,,,2024-07-09 23:04:07,2024-09-12 15:20:34
20262000000228375,20262000000035001,Jonathan Shern Wei Ong,,,,,2024-07-09 23:04:07,2024-09-12 15:20:34
20262000000228378,20262000000035001,LiveLife Pharmacy Yeppoon,,,,,2024-07-09 23:04:07,2024-08-22 16:33:13
20262000000228381,20262000000035001,Kwun On Ho,,,,,2024-07-09 23:04:07,2024-07-09 23:04:07
20262000000228384,20262000000035001,John Deng,,,,,2024-07-09 23:04:07,2024-09-12 15:20:34
20262000000228387,20262000000035001,Brendan Van Leeuwen,,,,,2024-07-09 23:04:07,2024-09-12 15:20:34
20262000000228390,20262000000035001,Yining Liu,,,,,2024-07-09 23:04:07,2024-07-09 23:04:07
20262000000228393,20262000000035001,Cincotta chemist Riverstone,,,,,2024-07-09 23:04:07,2024-08-22 16:33:12
20262000000228396,20262000000035001,High Wycombe Pharmacy,,,,,2024-07-09 23:04:07,2024-09-12 15:20:35
20262000000228399,20262000000035001,Jigar Patel,,,,,2024-07-09 23:04:07,2024-07-09 23:04:07
20262000000228402,20262000000035001,Nahome Mesgun,,,,,2024-07-09 23:04:07,2024-09-12 15:20:35
20262000000228405,20262000000035001,Karen Huynh,,,,,2024-07-09 23:04:07,2024-09-12 15:20:35
20262000000228408,20262000000035001,Camira Pharmacy,,,,,2024-07-09 23:04:07,2024-08-22 16:33:23
20262000000228411,20262000000035001,Amreet Kaur Gill Gurcharan Singh,,,,,2024-07-09 23:04:07,2024-09-12 15:20:35
20262000000228414,20262000000035001,Samar Zytoon,,,,,2024-07-09 23:04:07,2024-09-12 15:20:35
20262000000228417,20262000000035001,Ziyin Loh,,,,,2024-07-09 23:04:07,2024-09-12 15:20:35
20262000000228420,20262000000035001,Karuah pharmacy,,,,,2024-07-09 23:04:07,2024-08-22 16:33:25
20262000000228423,20262000000035001,Nicholas Chan,,,,,2024-07-09 23:04:07,2024-09-12 15:20:35
20262000000228426,20262000000035001,Karuah pharmacy,,,,,2024-07-09 23:04:07,2024-07-09 23:04:07
20262000000228429,20262000000035001,American Pharmacies,,,,,2024-07-09 23:04:07,2024-09-12 15:20:35
20262000000228432,20262000000035001,TerryWhite Chemmart,,,,,2024-07-09 23:04:07,2024-09-12 15:20:35
20262000000228435,20262000000035001,UFS Dispensaries,,,,,2024-07-09 23:04:07,2024-09-12 15:20:35
20262000000228438,20262000000035001,Chempro Pharmacies,,,,,2024-07-09 23:04:07,2024-09-12 15:20:35
20262000000228441,20262000000035001,Hub Discount Chemist,,,,,2024-07-09 23:04:07,2024-08-22 16:32:58
20262000000228444,20262000000035001,United Chemists Pakenham,,,,,2024-07-09 23:04:07,2024-08-22 16:33:15
20262000000228447,20262000000035001,Blooms the chemist Erina,,,,,2024-07-09 23:04:07,2024-08-22 16:33:05
20262000000228450,20262000000035001,Mackie Pharmacy,,,,,2024-07-09 23:04:07,2024-08-22 16:33:24
20262000000228453,20262000000035001,Lance Qian,,,,,2024-07-09 23:04:07,2024-09-12 15:20:35
20262000000228456,20262000000035001,Damian Lewis,,,,,2024-07-09 23:04:07,2024-09-12 15:20:35
20262000000228459,20262000000035001,Annette Walkerden,,,,,2024-07-09 23:04:07,2024-09-12 15:20:35
20262000000228462,20262000000035001,Kon Koy,,,,,2024-07-09 23:04:07,2024-09-12 15:20:35
20262000000228465,20262000000035001,Kelvin Lee,,,,,2024-07-09 23:04:07,2024-09-12 15:20:35
20262000000228468,20262000000035001,Kalinda Salla,,,,,2024-07-09 23:04:07,2024-09-12 15:20:35
20262000000228471,20262000000035001,Lucy Nguyen,,,,,2024-07-09 23:04:07,2024-09-12 15:20:35
20262000000228474,20262000000035001,Peter Peck,,,,,2024-07-09 23:04:07,2024-09-12 15:20:35
20262000000228477,20262000000035001,Brian Curran,,,,,2024-07-09 23:04:07,2024-09-12 15:20:35
20262000000228480,20262000000035001,Meghann Knell,,,,,2024-07-09 23:04:07,2024-09-12 15:20:35
20262000000228483,20262000000035001,Zamil Hussen,,,,,2024-07-09 23:04:07,2024-09-12 15:20:35
20262000000228486,20262000000035001,Chris Farquhar,,,,,2024-07-09 23:04:07,2024-09-12 15:20:35
20262000000228489,20262000000035001,Zwe Htet Aung,,,,,2024-07-09 23:04:07,2024-09-12 15:20:35
20262000000228492,20262000000035001,Amy Smith,,,,,2024-07-09 23:04:07,2024-09-12 15:20:35
20262000000228495,20262000000035001,Mia Brennan,,,,,2024-07-09 23:04:07,2024-09-12 15:20:35
20262000000228498,20262000000035001,Allie Xu,,,,,2024-07-09 23:04:07,2024-09-12 15:20:36
20262000000228501,20262000000035001,Alexandra Bradshaw,,,,,2024-07-09 23:04:07,2024-09-12 15:20:36
20262000000228504,20262000000035001,Douglas Padman,,,,,2024-07-09 23:04:07,2024-09-12 15:20:36
20262000000228507,20262000000035001,michelle bothwell,,,,,2024-07-09 23:04:07,2024-09-12 15:20:36
20262000000228510,20262000000035001,Ali Mafi,,,,,2024-07-09 23:04:07,2024-09-12 15:20:36
20262000000228513,20262000000035001,Oscar Hui,,,,,2024-07-09 23:04:07,2024-09-12 15:20:36
20262000000228516,20262000000035001,Mal Leith,,,,,2024-07-09 23:04:07,2024-09-12 15:20:36
20262000000228519,20262000000035001,Rebecca Poly,,,,,2024-07-09 23:04:07,2024-09-12 15:20:36
20262000000228522,20262000000035001,Abhijit Ghosh,,,,,2024-07-09 23:04:07,2024-09-12 15:20:36
20262000000228525,20262000000035001,Dean Millington,,,,,2024-07-09 23:04:07,2024-09-12 15:20:36
20262000000228528,20262000000035001,Jeanette Drury,,,,,2024-07-09 23:04:07,2024-09-12 15:20:36
20262000000228531,20262000000035001,Jiwanjot Lamme,,,,,2024-07-09 23:04:07,2024-09-12 15:20:36
20262000000228534,20262000000035001,Ali Nazim,,,,,2024-07-09 23:04:07,2024-09-12 15:20:36
20262000000228537,20262000000035001,Adnan Karimi,,,,,2024-07-09 23:04:07,2024-09-12 15:20:36
20262000000228540,20262000000035001,Sue Luc,,,,,2024-07-09 23:04:07,2024-09-12 15:20:36
20262000000228543,20262000000035001,Hung Tri,,,,,2024-07-09 23:04:07,2024-09-12 15:20:36
20262000000228546,20262000000035001,Fady Hanna,,,,,2024-07-09 23:04:07,2024-09-12 15:20:36
20262000000228549,20262000000035001,Anthony Lu,,,,,2024-07-09 23:04:07,2024-09-12 15:20:36
20262000000228552,20262000000035001,Saul Sacht,,,,,2024-07-09 23:04:07,2024-09-12 15:20:36
20262000000228555,20262000000035001,Stephen Andrasek,,,,,2024-07-09 23:04:07,2024-09-12 15:20:36
20262000000228558,20262000000035001,Linda Ho,,,,,2024-07-09 23:04:07,2024-09-12 15:20:36
20262000000228561,20262000000035001,Natalie Nguyen,,,,,2024-07-09 23:04:07,2024-09-12 15:20:36
20262000000228564,20262000000035001,Dean Vlahopoulos,,,,,2024-07-09 23:04:07,2024-09-12 15:20:36
20262000000228567,20262000000035001,Muhammad Zia Zahid,,,,,2024-07-09 23:04:07,2024-09-12 15:20:36
20262000000228570,20262000000035001,Hannah Parenti,,,,,2024-07-09 23:04:07,2024-09-12 15:20:36
20262000000228573,20262000000035001,Him Ahmad,,,,,2024-07-09 23:04:07,2024-09-12 15:20:36
20262000000228576,20262000000035001,Kinjalbhai Patel,,,,,2024-07-09 23:04:07,2024-09-12 15:20:36
20262000000228579,20262000000035001,Haowei Wong,,,,,2024-07-09 23:04:07,2024-09-12 15:20:36
20262000000228582,20262000000035001,Wael Khalifa,,,,,2024-07-09 23:04:07,2024-09-12 15:20:37
20262000000228585,20262000000035001,Miyar Abumaree,,,,,2024-07-09 23:04:07,2024-09-12 15:20:37
20262000000228588,20262000000035001,Stephanie Calabrese,,,,,2024-07-09 23:04:07,2024-09-12 15:20:37
20262000000228591,20262000000035001,Samir ( Sam) Beshara,,,,,2024-07-09 23:04:07,2024-09-12 15:20:37
20262000000228594,20262000000035001,Michelle Yanuli,,,,,2024-07-09 23:04:07,2024-09-12 15:20:37
20262000000228597,20262000000035001,Jewel Lam,,,,,2024-07-09 23:04:07,2024-09-12 15:20:37
2.0262E+16,20262000000035001,Jy Moloney,,,,,2024-07-09 23:04:07,2024-09-12 15:20:37
20262000000228603,20262000000035001,Shiva Kosary,,,,,2024-07-09 23:04:07,2024-09-12 15:20:37
20262000000228606,20262000000035001,Alexandra Dorbis,,,,,2024-07-09 23:04:07,2024-09-12 15:20:37
20262000000228609,20262000000035001,Rizwan Imanullah,,,,,2024-07-09 23:04:07,2024-09-12 15:20:37
20262000000228612,20262000000035001,Jie Lu van der Horst,,,,,2024-07-09 23:04:07,2024-07-09 23:04:07
20262000000228615,20262000000035001,Sandra Abdelmalek,,,,,2024-07-09 23:04:07,2024-09-12 15:20:37
20262000000228618,20262000000035001,Kyle Choi,,,,,2024-07-09 23:04:07,2024-09-12 15:20:37
20262000000228621,20262000000035001,Nam Trach Dam,,,,,2024-07-09 23:04:07,2024-09-12 15:20:37
20262000000228624,20262000000035001,Thi Tran,,,,,2024-07-09 23:04:07,2024-09-12 15:20:38
20262000000228627,20262000000035001,Cathy Todd,,,,,2024-07-09 23:04:07,2024-09-12 15:20:38
20262000000228630,20262000000035001,Sridhar Popuri,,,,,2024-07-09 23:04:07,2024-09-12 15:20:38
20262000000228633,20262000000035001,Lara-lorraine Abou-asali,,,,,2024-07-09 23:04:07,2024-09-12 15:20:38
20262000000228636,20262000000035001,Zarna Prajapati,,,,,2024-07-09 23:04:07,2024-09-12 15:20:38
20262000000228639,20262000000035001,Pooja Kumar,,,,,2024-07-09 23:04:07,2024-09-12 15:20:38
20262000000228642,20262000000035001,Catherine Suter,,,,,2024-07-09 23:04:07,2024-09-12 15:20:38
20262000000228645,20262000000035001,Basma Elsafty,,,,,2024-07-09 23:04:07,2024-09-12 15:20:38
20262000000228648,20262000000035001,Priya John,,,,,2024-07-09 23:04:07,2024-09-12 15:20:38
20262000000228651,20262000000035001,Chi Ting Pang,,,,,2024-07-09 23:04:07,2024-09-12 15:20:38
20262000000228654,20262000000035001,Pei Xin Chin,,,,,2024-07-09 23:04:07,2024-09-12 15:20:38
20262000000228657,20262000000035001,Jocelyn Tan,,,,,2024-07-09 23:04:07,2024-09-12 15:20:38
20262000000228660,20262000000035001,Sherina Lim,,,,,2024-07-09 23:04:07,2024-09-12 15:20:38
20262000000228663,20262000000035001,Jodie Summerhill,,,,,2024-07-09 23:04:07,2024-09-12 15:20:38
20262000000228666,20262000000035001,Samira Tomma,,,,,2024-07-09 23:04:07,2024-09-12 15:20:38
20262000000228669,20262000000035001,Zahraa Hindi,,,,,2024-07-09 23:04:07,2024-09-12 15:20:38
20262000000228672,20262000000035001,Dhruti Leekha,,,,,2024-07-09 23:04:07,2024-09-12 15:20:38
20262000000228675,20262000000035001,Kelly Lim,,,,,2024-07-09 23:04:07,2024-09-12 15:20:38
20262000000228678,20262000000035001,Uran Leung,,,,,2024-07-09 23:04:07,2024-09-12 15:20:38
20262000000228681,20262000000035001,Deepa Raju,,,,,2024-07-09 23:04:07,2024-09-12 15:20:38
20262000000228684,20262000000035001,Shari Moghadam,,,,,2024-07-09 23:04:07,2024-09-12 15:20:38
20262000000228687,20262000000035001,Ndonga Saurombe,,,,,2024-07-09 23:04:07,2024-09-12 15:20:39
20262000000228690,20262000000035001,Richard Elkhoury,,,,,2024-07-09 23:04:07,2024-09-12 15:20:39
20262000000228693,20262000000035001,Jieqi Bo,,,,,2024-07-09 23:04:07,2024-09-12 15:20:39
20262000000228696,20262000000035001,Amne Eldib,,,,,2024-07-09 23:04:07,2024-09-12 15:20:39
20262000000228699,20262000000035001,Warwick Dawson,,,,,2024-07-09 23:04:07,2024-09-12 15:20:39
20262000000228702,20262000000035001,Ashwny Ratnarajah,,,,,2024-07-09 23:04:07,2024-09-12 15:20:39
20262000000228705,20262000000035001,Zahra Mugdad Al Sodany,,,,,2024-07-09 23:04:07,2024-09-12 15:20:39
20262000000228708,20262000000035001,Mariam Jassim Al-hamran,,,,,2024-07-09 23:04:07,2024-09-12 15:20:39
20262000000228711,20262000000035001,Houda Al Malliki,,,,,2024-07-09 23:04:07,2024-09-12 15:20:39
20262000000228714,20262000000035001,Peter Guirguis,,,,,2024-07-09 23:04:07,2024-09-12 15:20:39
20262000000228717,20262000000035001,Aliesha Gounder,,,,,2024-07-09 23:04:07,2024-09-12 15:20:39
20262000000228720,20262000000035001,Thomas Li,,,,,2024-07-09 23:04:07,2024-09-12 15:20:39
20262000000228723,20262000000035001,Urvashi Modi,,,,,2024-07-09 23:04:07,2024-09-12 15:20:39
20262000000228726,20262000000035001,Wei Teng,,,,,2024-07-09 23:04:07,2024-09-12 15:20:39
20262000000228729,20262000000035001,Arvin Mangahas,,,,,2024-07-09 23:04:07,2024-09-12 15:20:39
20262000000228732,20262000000035001,Sameh Khleil,,,,,2024-07-09 23:04:07,2024-09-12 15:20:39
20262000000228735,20262000000035001,Adele Chen,,,,,2024-07-09 23:04:07,2024-09-12 15:20:39
20262000000228738,20262000000035001,Mays Shahla,,,,,2024-07-09 23:04:07,2024-09-12 15:20:39
20262000000228741,20262000000035001,Catherine Hackett,,,,,2024-07-09 23:04:07,2024-09-12 15:20:39
20262000000228744,20262000000035001,Karolein Khalil,,,,,2024-07-09 23:04:07,2024-09-12 15:20:39
20262000000228747,20262000000035001,Sanjaya Tamang,,,,,2024-07-09 23:04:07,2024-09-12 15:20:39
20262000000228750,20262000000035001,Tim Lewis,,,,,2024-07-09 23:04:07,2024-09-12 15:20:39
20262000000228753,20262000000035001,Kerryn Woodward,,,,,2024-07-09 23:04:07,2024-09-12 15:20:40
20262000000228756,20262000000035001,Elham Molaee,,,,,2024-07-09 23:04:07,2024-09-12 15:20:40
20262000000228759,20262000000035001,Sally Saadallah,,,,,2024-07-09 23:04:07,2024-09-12 15:20:40
20262000000228762,20262000000035001,Kyrillos Kyrillos,,,,,2024-07-09 23:04:07,2024-09-12 15:20:40
20262000000228765,20262000000035001,Mohammad Islam,,,,,2024-07-09 23:04:07,2024-09-12 15:20:40
20262000000228768,20262000000035001,Cyndi Scholes,,,,,2024-07-09 23:04:07,2024-09-12 15:20:40
20262000000228771,20262000000035001,June Ng,,,,,2024-07-09 23:04:07,2024-09-12 15:20:40
20262000000228774,20262000000035001,Weng Hou Cheung,,,,,2024-07-09 23:04:07,2024-09-12 15:20:40
20262000000228777,20262000000035001,La min sandar Bo,,,,,2024-07-09 23:04:07,2024-09-12 15:20:40
20262000000228780,20262000000035001,Steven Bell,,,,,2024-07-09 23:04:07,2024-09-12 15:20:40
20262000000228783,20262000000035001,Hany Ibrahim,,,,,2024-07-09 23:04:07,2024-09-12 15:20:40
20262000000228786,20262000000035001,Elena Stojanovska,,,,,2024-07-09 23:04:07,2024-09-12 15:20:40
20262000000228789,20262000000035001,Samer Koronfuly,,,,,2024-07-09 23:04:07,2024-09-12 15:20:40
20262000000228792,20262000000035001,Wael Yusif,,,,,2024-07-09 23:04:07,2024-09-12 15:20:40
20262000000228795,20262000000035001,Ashlie Velkovski,,,,,2024-07-09 23:04:07,2024-09-12 15:20:40
20262000000228798,20262000000035001,Isaac Shi Zhong Doong,,,,,2024-07-09 23:04:07,2024-09-12 15:20:40
20262000000228801,20262000000035001,Humaira Humaira,,,,,2024-07-09 23:04:07,2024-09-12 15:20:40
20262000000228804,20262000000035001,Anita Mistry,,,,,2024-07-09 23:04:07,2024-09-12 15:20:40
20262000000228807,20262000000035001,Alexandra Daskal,,,,,2024-07-09 23:04:07,2024-09-12 15:20:40
20262000000228810,20262000000035001,Ka Fai Benny Yao,,,,,2024-07-09 23:04:07,2024-09-12 15:20:40
20262000000228813,20262000000035001,Rebecca Melkonian,,,,,2024-07-09 23:04:07,2024-09-12 15:20:40
20262000000228816,20262000000035001,Imran Hashmi,,,,,2024-07-09 23:04:07,2024-09-12 15:20:40
20262000000228819,20262000000035001,Puneet Malhotra,,,,,2024-07-09 23:04:07,2024-09-12 15:20:40
20262000000228822,20262000000035001,Rose Medriano,,,,,2024-07-09 23:04:07,2024-09-12 15:20:40
20262000000228825,20262000000035001,Jenn Mckeegan,,,,,2024-07-09 23:04:07,2024-09-12 15:20:40
20262000000228828,20262000000035001,helen mackinnon,,,,,2024-07-09 23:04:07,2024-09-12 15:20:40
20262000000228831,20262000000035001,Melanie Chin,,,,,2024-07-09 23:04:07,2024-09-12 15:20:40
20262000000228834,20262000000035001,Jennie Kilby,,,,,2024-07-09 23:04:07,2024-09-12 15:20:41
20262000000228837,20262000000035001,SIMON RUDDERHAM,,,,,2024-07-09 23:04:07,2024-09-12 15:20:41
20262000000228840,20262000000035001,Khalid Hayat Jamaldini,,,,,2024-07-09 23:04:07,2024-09-12 15:20:41
20262000000228843,20262000000035001,NINA HIGSON,,,,,2024-07-09 23:04:07,2024-09-12 15:20:41
20262000000228846,20262000000035001,Belinda Abraham,,,,,2024-07-09 23:04:07,2024-09-12 15:20:41
20262000000228849,20262000000035001,Po Gim Kyoy,,,,,2024-07-09 23:04:07,2024-09-12 15:20:41
20262000000228852,20262000000035001,Ying Tze Lim,,,,,2024-07-09 23:04:07,2024-09-12 15:20:41
20262000000228855,20262000000035001,Jennis Kumar,,,,,2024-07-09 23:04:07,2024-09-12 15:20:41
20262000000228858,20262000000035001,Freya Woodhouse,,,,,2024-07-09 23:04:07,2024-09-12 15:20:41
20262000000228861,20262000000035001,Sandeep Adhikari,,,,,2024-07-09 23:04:07,2024-09-12 15:20:41
20262000000228864,20262000000035001,Sally Wong,,,,,2024-07-09 23:04:07,2024-09-12 15:20:41
20262000000228867,20262000000035001,Andrea Tyrrell,,,,,2024-07-09 23:04:07,2024-09-12 15:20:41
20262000000228870,20262000000035001,Marcel Pincus,,,,,2024-07-09 23:04:07,2024-09-12 15:20:41
20262000000228873,20262000000035001,Christopher Kek,,,,,2024-07-09 23:04:07,2024-09-12 15:20:41
20262000000228876,20262000000035001,Anthony Hung,,,,,2024-07-09 23:04:07,2024-09-12 15:20:41
20262000000228879,20262000000035001,Pratibha Charan,,,,,2024-07-09 23:04:07,2024-09-12 15:20:41
20262000000228882,20262000000035001,Ankita Patel,,,,,2024-07-09 23:04:07,2024-09-12 15:20:41
20262000000228885,20262000000035001,Izzy Jusufi,,,,,2024-07-09 23:04:07,2024-09-12 15:20:41
20262000000228888,20262000000035001,David McLaren,,,,,2024-07-09 23:04:07,2024-09-12 15:20:41
20262000000228891,20262000000035001,GEORGIOS STERGIANNIS,,,,,2024-07-09 23:04:07,2024-09-12 15:20:41
20262000000228894,20262000000035001,Janelle Dockray,,,,,2024-07-09 23:04:07,2024-07-09 23:04:07
20262000000228897,20262000000035001,Raman Bamra,,,,,2024-07-09 23:04:07,2024-09-12 15:20:41
2.0262E+16,20262000000035001,Monica Kailey,,,,,2024-07-09 23:04:07,2024-09-12 15:20:41
20262000000228903,20262000000035001,Test25Aug User25Aug,,,,,2024-07-09 23:04:07,2024-09-12 15:20:41
20262000000228906,20262000000035001,Hasini Ilangaratne,,,,,2024-07-09 23:04:07,2024-09-12 15:20:42
20262000000228909,20262000000035001,Maryann Douglas,,,,,2024-07-09 23:04:07,2024-09-12 15:20:42
20262000000228912,20262000000035001,Xenia Jak,,,,,2024-07-09 23:04:07,2024-09-12 15:20:42
20262000000228915,20262000000035001,Kenny Tran,,,,,2024-07-09 23:04:07,2024-09-12 15:20:42
20262000000228918,20262000000035001,Omayma Mukhtar,,,,,2024-07-09 23:04:07,2024-09-12 15:20:42
20262000000228921,20262000000035001,Sarah Womersley,,,,,2024-07-09 23:04:07,2024-09-12 15:20:42
20262000000228924,20262000000035001,Ramy Gouda,,,,,2024-07-09 23:04:07,2024-09-12 15:20:42
20262000000228927,20262000000035001,Kevin Ou,,,,,2024-07-09 23:04:07,2024-09-12 15:20:42
20262000000228930,20262000000035001,Amy Lea,,,,,2024-07-09 23:04:07,2024-09-12 15:20:42
20262000000228933,20262000000035001,Gulshan Kumar,,,,,2024-07-09 23:04:07,2024-09-12 15:20:42
20262000000228936,20262000000035001,Niharika Kura,,,,,2024-07-09 23:04:07,2024-09-12 15:20:42
20262000000228939,20262000000035001,Stuart Test,,,,,2024-07-09 23:04:07,2024-09-12 15:20:42
20262000000228942,20262000000035001,KennyT Trank,,,,,2024-07-09 23:04:07,2024-09-12 15:20:42
20262000000228945,20262000000035001,Dayangku Nordiyana Binti Pengiran Hassanel,,,,,2024-07-09 23:04:07,2024-09-12 15:20:42
20262000000228948,20262000000035001,Nurul Hakim,,,,,2024-07-09 23:04:07,2024-09-12 15:20:42
20262000000228951,20262000000035001,Piyush Meel,,,,,2024-07-09 23:04:07,2024-09-12 15:20:42
20262000000228954,20262000000035001,George Tawfik,,,,,2024-07-09 23:04:07,2024-09-12 15:20:43
20262000000228957,20262000000035001,Khilna Shah,,,,,2024-07-09 23:04:07,2024-09-12 15:20:43
20262000000228960,20262000000035001,Mamdouh (Mario) Guirguis,,,,,2024-07-09 23:04:07,2024-09-12 15:20:43
20262000000228963,20262000000035001,Melford Leong,,,,,2024-07-09 23:04:07,2024-09-12 15:20:43
20262000000228966,20262000000035001,Elaine Khaw,,,,,2024-07-09 23:04:07,2024-09-12 15:20:43
20262000000228969,20262000000035001,Christine Quek,,,,,2024-07-09 23:04:07,2024-09-12 15:20:43
20262000000228972,20262000000035001,Kate Trenerry,,,,,2024-07-09 23:04:07,2024-09-12 15:20:43
20262000000228975,20262000000035001,Nader Samy,,,,,2024-07-09 23:04:07,2024-09-12 15:20:43
20262000000228978,20262000000035001,ronald zhen,,,,,2024-07-09 23:04:07,2024-09-12 15:20:43
20262000000228981,20262000000035001,Poh Yee Ng,,,,,2024-07-09 23:04:07,2024-09-12 15:20:43
20262000000228984,20262000000035001,Surinderjeet Saini,,,,,2024-07-09 23:04:07,2024-09-12 15:20:43
20262000000228987,20262000000035001,Gaby Dee,,,,,2024-07-09 23:04:07,2024-09-12 15:20:43
20262000000228990,20262000000035001,Elisabeth Burgess,,,,,2024-07-09 23:04:07,2024-09-12 15:20:43
20262000000228993,20262000000035001,Ella Shearing,,,,,2024-07-09 23:04:07,2024-09-12 15:20:43
20262000000228996,20262000000035001,Van Cao,,,,,2024-07-09 23:04:07,2024-09-12 15:20:43
20262000000228999,20262000000035001,Alan Lewis,,,,,2024-07-09 23:04:07,2024-09-12 15:20:43
20262000000229002,20262000000035001,Han saem (Han) Lee,,,,,2024-07-09 23:04:07,2024-09-12 15:20:43
20262000000229005,20262000000035001,Lee Lin Voo,,,,,2024-07-09 23:04:07,2024-09-12 15:20:43
20262000000229008,20262000000035001,Jo Hue Dang,,,,,2024-07-09 23:04:07,2024-09-12 15:20:43
20262000000229011,20262000000035001,Elise Simionato,,,,,2024-07-09 23:04:07,2024-09-12 15:20:43
20262000000229014,20262000000035001,Michael Hanna,,,,,2024-07-09 23:04:07,2024-09-12 15:20:43
20262000000229017,20262000000035001,Mary Georgeos,,,,,2024-07-09 23:04:07,2024-09-12 15:20:43
20262000000229020,20262000000035001,Kevin Mach,,,,,2024-07-09 23:04:07,2024-09-12 15:20:43
20262000000229023,20262000000035001,Muguntha Sree Mezhiselvam,,,,,2024-07-09 23:04:07,2024-09-12 15:20:43
20262000000229026,20262000000035001,steven niewodowski,,,,,2024-07-09 23:04:07,2024-09-12 15:20:43
20262000000229029,20262000000035001,chia-hung yeh,,,,,2024-07-09 23:04:07,2024-09-12 15:20:43
20262000000229032,20262000000035001,Akram Khayyat,,,,,2024-07-09 23:04:07,2024-09-12 15:20:43
20262000000229035,20262000000035001,Lynton Stephens,,,,,2024-07-09 23:04:07,2024-09-12 15:20:43
20262000000229038,20262000000035001,Haytal Makadia,,,,,2024-07-09 23:04:07,2024-09-12 15:20:43
20262000000229041,20262000000035001,Jessica Webster,,,,,2024-07-09 23:04:07,2024-09-12 15:20:43
20262000000229044,20262000000035001,Denise van den Bosch,,,,,2024-07-09 23:04:07,2024-09-12 15:20:44
20262000000229047,20262000000035001,Tony Girgis,,,,,2024-07-09 23:04:07,2024-09-12 15:20:44
20262000000229050,20262000000035001,Shayna Khan,,,,,2024-07-09 23:04:07,2024-09-12 15:20:44
20262000000229053,20262000000035001,Casey Hale,,,,,2024-07-09 23:04:07,2024-09-12 15:20:44
20262000000229056,20262000000035001,Charlie Truong,,,,,2024-07-09 23:04:07,2024-09-12 15:20:44
20262000000229059,20262000000035001,Werner Schamberger Prof. Aniya Fahey DVM,,,,,2024-07-09 23:04:07,2024-09-12 15:20:44
20262000000229062,20262000000035001,Prof. Jerrod Boyle Monserrate Carroll,,,,,2024-07-09 23:04:07,2024-09-12 15:20:44
20262000000229065,20262000000035001,Mr. Emerson Gottlieb PhD Mrs. Alvena Roberts DVM,,,,,2024-07-09 23:04:07,2024-09-12 15:20:44
20262000000229068,20262000000035001,The The,,,,,2024-07-09 23:04:07,2024-09-12 15:20:44
20262000000229071,20262000000035001,Linda Lim,,,,,2024-07-09 23:04:07,2024-09-12 15:20:44
20262000000229074,20262000000035001,Rasitha Pittan,,,,,2024-07-09 23:04:07,2024-09-12 15:20:44
20262000000229077,20262000000035001,Linda Hill,,,,,2024-07-09 23:04:07,2024-09-12 15:20:44
20262000000229080,20262000000035001,Joy Li,,,,,2024-07-09 23:04:07,2024-09-12 15:20:44
20262000000229083,20262000000035001,Harjit Sidhu,,,,,2024-07-09 23:04:07,2024-09-12 15:20:44
20262000000229086,20262000000035001,Swaroop Sawant,,,,,2024-07-09 23:04:07,2024-09-12 15:20:44
20262000000229089,20262000000035001,Terry Mak,,,,,2024-07-09 23:04:07,2024-09-12 15:20:44
20262000000229092,20262000000035001,Jana Dostal,,,,,2024-07-09 23:04:07,2024-09-12 15:20:44
20262000000229095,20262000000035001,Krysti-Lee Rigby,,,,,2024-07-09 23:04:07,2024-09-12 15:20:44
20262000000229098,20262000000035001,Ilisoni Kinivuwai,,,,,2024-07-09 23:04:07,2024-09-12 15:20:44
20262000000229101,20262000000035001,Amanda Loccisano,,,,,2024-07-09 23:04:07,2024-09-12 15:20:44
20262000000229104,20262000000035001,Mina Moussa,,,,,2024-07-09 23:04:07,2024-09-12 15:20:44
20262000000229107,20262000000035001,Gowen Irlen,,,,,2024-07-09 23:04:07,2024-09-12 15:20:44
20262000000229110,20262000000035001,Rafik Karas,,,,,2024-07-09 23:04:07,2024-09-12 15:20:44
20262000000229113,20262000000035001,Tim M,,,,,2024-07-09 23:04:07,2024-09-12 15:20:44
20262000000229116,20262000000035001,An Dao,,,,,2024-07-09 23:04:07,2024-09-12 15:20:44
20262000000229119,20262000000035001,Manikanta Meda,,,,,2024-07-09 23:04:07,2024-09-12 15:20:44
20262000000229122,20262000000035001,Darren Wynne,,,,,2024-07-09 23:04:07,2024-09-12 15:20:44
20262000000229125,20262000000035001,Kerri Barwick,,,,,2024-07-09 23:04:07,2024-09-12 15:20:44
20262000000229128,20262000000035001,Lidia Naumovski,,,,,2024-07-09 23:04:07,2024-09-12 15:20:45
20262000000229131,20262000000035001,Moona Madani,,,,,2024-07-09 23:04:07,2024-09-12 15:20:45
20262000000229134,20262000000035001,Natalie PASIOPOULOS,,,,,2024-07-09 23:04:07,2024-09-12 15:20:45
20262000000229137,20262000000035001,Payal Raj Ladani,,,,,2024-07-09 23:04:07,2024-09-12 15:20:45
20262000000229140,20262000000035001,Linda Khamis,,,,,2024-07-09 23:04:07,2024-09-12 15:20:45
20262000000229143,20262000000035001,VLADISLAV GLAGOVSKI,,,,,2024-07-09 23:04:07,2024-09-12 15:20:45
20262000000229146,20262000000035001,Katherine Rogers,,,,,2024-07-09 23:04:07,2024-09-12 15:20:45
20262000000229149,20262000000035001,Alber Amin,,,,,2024-07-09 23:04:07,2024-09-12 15:20:45
20262000000229152,20262000000035001,Diana Janoub,,,,,2024-07-09 23:04:07,2024-09-12 15:20:45
20262000000229155,20262000000035001,Garreth Helliar,,,,,2024-07-09 23:04:07,2024-09-12 15:20:45
20262000000229158,20262000000035001,Eliezer Soggot,,,,,2024-07-09 23:04:07,2024-09-12 15:20:45
20262000000229161,20262000000035001,Gary John Roberts,,,,,2024-07-09 23:04:07,2024-09-12 15:20:45
20262000000229164,20262000000035001,Yun Xie,,,,,2024-07-09 23:04:07,2024-09-12 15:20:45
20262000000229167,20262000000035001,Ehab Ibrahim,,,,,2024-07-09 23:04:07,2024-09-12 15:20:45
20262000000229170,20262000000035001,Pat Pastore,,,,,2024-07-09 23:04:07,2024-09-12 15:20:45
20262000000229173,20262000000035001,Phuong Duy To,,,,,2024-07-09 23:04:07,2024-09-12 15:20:45
20262000000229176,20262000000035001,William Lu,,,,,2024-07-09 23:04:07,2024-09-12 15:20:45
20262000000229179,20262000000035001,Solomon Lew,,,,,2024-07-09 23:04:07,2024-09-12 15:20:45
20262000000229182,20262000000035001,Fatemeh Hashemi,,,,,2024-07-09 23:04:07,2024-09-12 15:20:45
20262000000229185,20262000000035001,Stella Jeruiyot Cheptoo,,,,,2024-07-09 23:04:07,2024-09-12 15:20:45
20262000000229188,20262000000035001,Huda Omar,,,,,2024-07-09 23:04:07,2024-09-12 15:20:45
20262000000229191,20262000000035001,Tuyet Bui,,,,,2024-07-09 23:04:07,2024-09-12 15:20:45
20262000000229194,20262000000035001,Jing Chen,,,,,2024-07-09 23:04:07,2024-09-12 15:20:45
20262000000229197,20262000000035001,Carlo Wong,,,,,2024-07-09 23:04:07,2024-09-12 15:20:45
2.0262E+16,20262000000035001,Emily Liao,,,,,2024-07-09 23:04:07,2024-09-12 15:20:45
20262000000229203,20262000000035001,Khamis Balbissi,,,,,2024-07-09 23:04:07,2024-09-12 15:20:45
20262000000229206,20262000000035001,Andrew Rodgers,,,,,2024-07-09 23:04:07,2024-09-12 15:20:45
20262000000229209,20262000000035001,Deepu Prabhakaran,,,,,2024-07-09 23:04:07,2024-09-12 15:20:45
20262000000229212,20262000000035001,Tanvi Nagpal,,,,,2024-07-09 23:04:07,2024-09-12 15:20:46
20262000000229215,20262000000035001,Brianna Martin,,,,,2024-07-09 23:04:07,2024-09-12 15:20:46
20262000000229218,20262000000035001,Adelaide Williams,,,,,2024-07-09 23:04:07,2024-09-12 15:20:46
20262000000229221,20262000000035001,Bassem Akladios,,,,,2024-07-09 23:04:07,2024-09-12 15:20:46
20262000000229224,20262000000035001,Si jia (Jenny) Tao,,,,,2024-07-09 23:04:07,2024-09-12 15:20:46
20262000000229227,20262000000035001,Gladys Chee,,,,,2024-07-09 23:04:07,2024-09-12 15:20:46
20262000000229230,20262000000035001,Catherine Antoniades,,,,,2024-07-09 23:04:07,2024-09-12 15:20:46
20262000000229233,20262000000035001,Minh Huong Le,,,,,2024-07-09 23:04:07,2024-09-12 15:20:47
20262000000229236,20262000000035001,Mirette Yaakoub,,,,,2024-07-09 23:04:07,2024-09-12 15:20:47
20262000000229239,20262000000035001,Hoang Thi Dieu Hien Mai,,,,,2024-07-09 23:04:07,2024-09-12 15:20:47
20262000000229242,20262000000035001,Chung-Hsi Wang,,,,,2024-07-09 23:04:07,2024-09-12 15:20:47
20262000000229245,20262000000035001,Cameron Mehrabi,,,,,2024-07-09 23:04:07,2024-09-12 15:20:47
20262000000229248,20262000000035001,Anna Hickey,,,,,2024-07-09 23:04:07,2024-09-12 15:20:47
20262000000229251,20262000000035001,Nicole Phuong,,,,,2024-07-09 23:04:07,2024-09-12 15:20:47
20262000000229254,20262000000035001,Asha Nabbale,,,,,2024-07-09 23:04:07,2024-09-12 15:20:47
20262000000229257,20262000000035001,Lauren Dearness,,,,,2024-07-09 23:04:07,2024-09-12 15:20:47
20262000000229260,20262000000035001,Tinofaramunashe Shava,,,,,2024-07-09 23:04:07,2024-09-12 15:20:47
20262000000229263,20262000000035001,Kristy Farley,,,,,2024-07-09 23:04:07,2024-09-12 15:20:47
20262000000229266,20262000000035001,Daniel Tso,,,,,2024-07-09 23:04:07,2024-09-12 15:20:47
20262000000229269,20262000000035001,Yogesh Shrestha,,,,,2024-07-09 23:04:07,2024-09-12 15:20:47
20262000000229272,20262000000035001,Mary Hasouros,,,,,2024-07-09 23:04:07,2024-09-12 15:20:47
20262000000229275,20262000000035001,Majd Guraidi,,,,,2024-07-09 23:04:07,2024-09-12 15:20:47
20262000000229278,20262000000035001,Isabelle Bassaly,,,,,2024-07-09 23:04:07,2024-09-12 15:20:47
20262000000229281,20262000000035001,Chai yong Yap,,,,,2024-07-09 23:04:07,2024-09-12 15:20:47
20262000000229284,20262000000035001,Mitchell Everlyn,,,,,2024-07-09 23:04:07,2024-09-12 15:20:47
20262000000229287,20262000000035001,Mark Zayed,,,,,2024-07-09 23:04:07,2024-09-12 15:20:47
20262000000229290,20262000000035001,Ghaith Al-Tabakjaly,,,,,2024-07-09 23:04:07,2024-09-12 15:20:47
20262000000229293,20262000000035001,Nhu Y Ngoc Le,,,,,2024-07-09 23:04:07,2024-09-12 15:20:47
20262000000229296,20262000000035001,Adeline Jiin Shiew Ting,,,,,2024-07-09 23:04:07,2024-09-12 15:20:47
20262000000229299,20262000000035001,University Of Queensland,,,,,2024-07-09 23:04:07,2024-09-12 15:20:47
20262000000229302,20262000000035001,Pimpama Junction Pharmacy,,,,,2024-07-09 23:04:07,2024-08-22 16:33:12
20262000000229305,20262000000035001,Douglas Chemists,,,,,2024-07-09 23:04:07,2024-09-12 15:20:47
20262000000229308,20262000000035001,Advantage Pharmacy Morwell,,,,,2024-07-09 23:04:07,2024-08-22 16:33:02
20262000000229311,20262000000035001,Tom lane pharmacy,,,,,2024-07-09 23:04:07,2024-09-12 15:20:47
20262000000229314,20262000000035001,Beaumaris Pharmacy,,,,,2024-07-09 23:04:07,2024-09-12 15:20:47
20262000000229317,20262000000035001,Bulli Pharmacy,,,,,2024-07-09 23:04:07,2024-08-22 16:33:17
20262000000229320,20262000000035001,Kempsey West Pharmacy,,,,,2024-07-09 23:04:07,2024-08-22 16:33:25
20262000000229323,20262000000035001,Swan Hill District health,,,,,2024-07-09 23:04:07,2024-09-12 15:20:47
20262000000229326,20262000000035001,Giant Chemist Harbour Town,,,,,2024-07-09 23:04:07,2024-09-12 15:20:48
20262000000229329,20262000000035001,Pharmacy for Life Dicky Beach,,,,,2024-07-09 23:04:07,2024-09-12 15:20:48
20262000000229332,20262000000035001,Phamacy for life Nambour Heights,,,,,2024-07-09 23:04:07,2024-09-12 15:20:48
20262000000229335,20262000000035001,A1 discount chemist,,,,,2024-07-09 23:04:07,2024-09-12 15:20:48
20262000000229338,20262000000035001,CDC Bundaberg,,,,,2024-07-09 23:04:07,2024-08-22 16:33:09
20262000000229341,20262000000035001,Cateâ€™s Chemist,,,,,2024-07-09 23:04:07,2024-09-12 15:20:48
20262000000229344,20262000000035001,Endeavour Hills Amcal Pharmacy,,,,,2024-07-09 23:04:07,2024-09-12 15:20:48
20262000000229347,20262000000035001,Shaw rd pharmacy,,,,,2024-07-09 23:04:07,2024-09-12 15:20:48
20262000000229350,20262000000035001,Oakey Pharmacy,,,,,2024-07-09 23:04:07,2024-09-12 15:20:48
20262000000229353,20262000000035001,Henderson Pharmacy,,,,,2024-07-09 23:04:07,2024-09-12 15:20:48
20262000000229356,20262000000035001,Eagle Heights,,,,,2024-07-09 23:04:07,2024-09-12 15:20:48
20262000000229359,20262000000035001,Goodness Day and Night,,,,,2024-07-09 23:04:07,2024-09-12 15:20:48
20262000000229362,20262000000035001,Eureka Medical Centre Pharmacy,,,,,2024-07-09 23:04:07,2024-08-22 16:33:06
20262000000229365,20262000000035001,Amcal + Coffs Harbour,,,,,2024-07-09 23:04:07,2024-09-12 15:20:48
20262000000229368,20262000000035001,Moodie's Pharmacy,,,,,2024-07-09 23:04:07,2024-09-12 15:20:48
20262000000229371,20262000000035001,Lismore Discount Drug Store,,,,,2024-07-09 23:04:07,2024-09-12 15:20:48
20262000000229374,20262000000035001,Priceline Pharmacy Warragul,,,,,2024-07-09 23:04:07,2024-08-22 16:33:00
20262000000229377,20262000000035001,Mordialloc Amcal+ Pharmacy,,,,,2024-07-09 23:04:07,2024-09-12 15:20:48
20262000000229380,20262000000035001,goonellabah Pharmacy,,,,,2024-07-09 23:04:07,2024-09-12 15:20:48
20262000000229383,20262000000035001,Palmwoods Pharmacy,,,,,2024-07-09 23:04:07,2024-08-22 16:33:25
20262000000229386,20262000000035001,Trafalgar Pharmacy,,,,,2024-07-09 23:04:07,2024-09-12 15:20:48
20262000000229389,20262000000035001,Pharmacy View Podcast,,,,,2024-07-09 23:04:07,2024-09-12 15:20:48
20262000000229392,20262000000035001,Star Discount Chemist Welland,,,,,2024-07-09 23:04:07,2024-08-22 16:33:03
20262000000229395,20262000000035001,Pharmacy 4 Less,,,,,2024-07-09 23:04:07,2024-09-12 15:20:48
20262000000229398,20262000000035001,Hawthorn East Pharmacy,,,,,2024-07-09 23:04:07,2024-09-12 15:20:48
20262000000229401,20262000000035001,Greenwich Village Pharmacy,,,,,2024-07-09 23:04:07,2024-09-12 15:20:48
20262000000229404,20262000000035001,Pharmacy 4 Less,,,,,2024-07-09 23:04:07,2024-07-09 23:04:07
20262000000229407,20262000000035001,Optimal Pharmacy Plus Bella Vista,,,,,2024-07-09 23:04:07,2024-09-12 15:20:48
20262000000229410,20262000000035001,Cathy Hausmann,,,,,2024-07-09 23:04:07,2024-09-12 15:20:48
20262000000229413,20262000000035001,Albion Park Pharmacy 788,,,,,2024-07-09 23:04:07,2024-09-12 15:20:48
20262000000229416,20262000000035001,Hawthorn Road Pharmacy,,,,,2024-07-09 23:04:07,2024-09-12 15:20:48
20262000000229419,20262000000035001,Cincotta Chemist Penrith,,,,,2024-07-09 23:04:07,2024-09-12 15:20:48
20262000000229422,20262000000035001,Outback Pharmacies,,,,,2024-07-09 23:04:07,2024-09-12 15:20:48
20262000000229425,20262000000035001,Pharmacy World Fawkner,,,,,2024-07-09 23:04:07,2024-09-12 15:20:49
20262000000229428,20262000000035001,Roy Billingsley,,,,,2024-07-09 23:04:07,2024-09-12 15:20:49
20262000000229431,20262000000035001,Plus Pharmacy,,,,,2024-07-09 23:04:07,2024-09-12 15:20:49
20262000000229434,20262000000035001,Eric Jones,,,,,2024-07-09 23:04:07,2024-09-12 15:20:49
20262000000229437,20262000000035001,Shari Capehart,,,,,2024-07-09 23:04:07,2024-09-12 15:20:49
20262000000229440,20262000000035001,Chemist Discount Centre Bendigo,,,,,2024-07-09 23:04:07,2024-08-22 16:33:15
20262000000229443,20262000000035001,Chemist Discount Centre Churchill,,,,,2024-07-09 23:04:07,2024-09-12 15:20:49
20262000000229446,20262000000035001,Chemist Discount Centre Drouin,,,,,2024-07-09 23:04:07,2024-08-22 16:33:18
20262000000229449,20262000000035001,Chemist Discount Centre Officer,,,,,2024-07-09 23:04:07,2024-08-22 16:33:21
20262000000229452,20262000000035001,Acme Pharmacy,,,,,2024-07-09 23:04:07,2024-09-12 15:20:49
20262000000229455,20262000000035001,Complete Care Pharmacy Bairnsdale,,,,,2024-07-09 23:04:07,2025-10-27 11:17:45
20262000000229458,20262000000035001,Chemist Discount Centre Warragul,,,,,2024-07-09 23:04:07,2024-08-22 16:33:22
20262000000229461,20262000000035001,Chemist Discount Centre Moe,,,,,2024-07-09 23:04:07,2024-08-22 16:33:06
20262000000229464,20262000000035001,Advantage Pharmacy Warragul,,,,,2024-07-09 23:04:07,2024-08-22 16:33:02
20262000000229467,20262000000035001,Chemist Discount Centre Endeavour Hills,,,,,2024-07-09 23:04:07,2024-08-22 16:33:22
20262000000229470,20262000000035001,Terrywhite chemmart Drayton,,,,,2024-07-09 23:04:07,2024-09-12 15:20:49
20262000000229473,20262000000035001,Foote's Pharmacies,,,,,2024-07-09 23:04:07,2024-09-12 15:20:49
20262000000229476,20262000000035001,Business Owner,,,,,2024-07-09 23:04:07,2024-09-12 15:20:49
20262000000229479,20262000000035001,Giant Chemist Harbour Town,,,,,2024-07-09 23:04:07,2024-07-09 23:04:07
20262000000229482,20262000000035001,The Urunga Pharmacy,,,,,2024-07-09 23:04:07,2024-09-12 15:20:49
20262000000229485,20262000000035001,Wmm,,,,,2024-07-09 23:04:07,2024-09-12 15:20:49
20262000000229488,20262000000035001,Rx Management,,,,,2024-07-09 23:04:07,2024-09-12 15:20:49
20262000000229491,20262000000035001,Direct Chemist Outlet Glenroy,,,,,2024-07-09 23:04:07,2024-08-22 16:33:01
20262000000229494,20262000000035001,Terrywhite,,,,,2024-07-09 23:04:07,2024-09-12 15:20:49
20262000000229497,20262000000035001,Blooms The Chemist (HQ),,,,,2024-07-09 23:04:07,2025-07-03 10:46:28
2.0262E+16,20262000000035001,Cincotta Chemist Merrylands,,,,,2024-07-09 23:04:07,2024-09-12 15:20:49
20262000000229503,20262000000035001,Pkf,,,,,2024-07-09 23:04:07,2024-09-12 15:20:49
20262000000229506,20262000000035001,Wantirna Discount Pharmacy,,,,,2024-07-09 23:04:07,2024-09-12 15:20:49
20262000000229509,20262000000035001,Chemist Discount Centre Glenroy,,,,,2024-07-09 23:04:07,2024-08-22 16:33:21
20262000000229512,20262000000035001,Tranâ€™s Pharmacy,,,,,2024-07-09 23:04:07,2024-09-12 15:20:49
20262000000229515,20262000000035001,Scrivener & Webb Chemist,,,,,2024-07-09 23:04:07,2024-09-12 15:20:49
20262000000229518,20262000000035001,Aidacare Australia,,,,,2024-07-09 23:04:07,2024-09-12 15:20:49
20262000000229521,20262000000035001,Star Pharmacy Group,,,,,2024-07-09 23:04:07,2024-08-22 16:33:05
20262000000229524,20262000000035001,Springsure Pharmacy,,,,,2024-07-09 23:04:07,2024-08-22 16:33:09
20262000000229527,20262000000035001,Pkf,,,,,2024-07-09 23:04:07,2024-07-09 23:04:07
20262000000229530,20262000000035001,Independent,,,,,2024-07-09 23:04:07,2024-09-12 15:20:49
20262000000229533,20262000000035001,POSWorks,,,,,2024-07-09 23:04:07,2024-09-12 15:20:49
20262000000229536,20262000000035001,National Heart Foundation of Australia,,,,,2024-07-09 23:04:07,2024-09-12 15:20:49
20262000000229539,20262000000035001,Power House Pharmacy Brands,,,,,2024-07-09 23:04:07,2024-09-12 15:20:50
20262000000229542,20262000000035001,Chempro,,,,,2024-07-09 23:04:07,2024-09-12 15:20:50
20262000000229545,20262000000035001,Medadvisor,,,,,2024-07-09 23:04:07,2024-09-12 15:20:50
20262000000229548,20262000000035001,Pharmaceutical Society Of Australia,,,,,2024-07-09 23:04:07,2024-09-12 15:20:50
20262000000229551,20262000000035001,A1 Discount Chemist,,,,,2024-07-09 23:04:07,2024-07-09 23:04:07
20262000000229554,20262000000035001,LiveLife Yepoon,,,,,2024-07-09 23:04:07,2024-09-12 15:20:50
20262000000229557,20262000000035001,NAPSA,,,,,2024-07-09 23:04:07,2024-09-12 15:20:50
20262000000229560,20262000000035001,Chemist Warehouse,,,,,2024-07-09 23:04:07,2024-08-22 16:33:05
20262000000229563,20262000000035001,Moura Pharmacy,,,,,2024-07-09 23:04:07,2024-09-12 15:20:50
20262000000229566,20262000000035001,University of Queensland,,,,,2024-07-09 23:04:07,2024-07-09 23:04:07
20262000000229569,20262000000035001,Pharmacist,,,,,2024-07-09 23:04:07,2024-09-12 15:20:51
20262000000229572,20262000000035001,Value Chemist,,,,,2024-07-09 23:04:07,2024-09-12 15:20:51
20262000000229575,20262000000035001,Terrywhite Chemmart Drummoyne,,,,,2024-07-09 23:04:07,2024-09-12 15:20:51
20262000000229578,20262000000035001,Queensland University Of Technology,,,,,2024-07-09 23:04:07,2024-09-12 15:20:51
20262000000229581,20262000000035001,Douglas Chemists,,,,,2024-07-09 23:04:07,2024-07-09 23:04:07
20262000000229584,20262000000035001,Daisy Hill Pharmacy,,,,,2024-07-09 23:04:07,2024-09-12 15:20:51
20262000000229587,20262000000035001,Aspect Health,,,,,2024-07-09 23:04:07,2024-09-12 15:20:51
20262000000229590,20262000000035001,Laidley Pharmacy,,,,,2024-07-09 23:04:07,2024-09-12 15:20:52
20262000000229593,20262000000035001,Daisy Hill Pharmacy,,,,,2024-07-09 23:04:07,2024-07-09 23:04:07
20262000000229596,20262000000035001,Outback Pharmacies,,,,,2024-07-09 23:04:07,2024-07-09 23:04:07
20262000000229599,20262000000035001,Queensland University Of Technology,,,,,2024-07-09 23:04:07,2024-07-09 23:04:07
20262000000229602,20262000000035001,Middleton Compounding Pharmacy,,,,,2024-07-09 23:04:07,2024-09-12 15:20:55
20262000000229605,20262000000035001,Chempro Group,,,,,2024-07-09 23:04:07,2024-09-12 15:20:55
20262000000229608,20262000000035001,Amcal Coffs Harbour,,,,,2024-07-09 23:04:07,2024-09-12 15:20:55
20262000000229611,20262000000035001,Griffith University,,,,,2024-07-09 23:04:07,2024-09-12 15:20:55
20262000000229614,20262000000035001,Guild Insurance,,,,,2024-07-09 23:04:07,2024-09-12 15:20:55
20262000000229617,20262000000035001,UQ,,,,,2024-07-09 23:04:07,2024-09-12 15:20:55
20262000000229620,20262000000035001,Sole Trader,,,,,2024-07-09 23:04:07,2024-09-12 15:20:55
20262000000229623,20262000000035001,Outback Pharmacies,,,,,2024-07-09 23:04:07,2024-07-09 23:04:07
20262000000229626,20262000000035001,Pimpama Junction Pharmacy,,,,,2024-07-09 23:04:07,2024-07-09 23:04:07
20262000000229629,20262000000035001,Api,,,,,2024-07-09 23:04:07,2024-09-12 15:20:55
20262000000229632,20262000000035001,Heart Foundation,,,,,2024-07-09 23:04:07,2024-09-12 15:20:55
20262000000229635,20262000000035001,CHC Group,,,,,2024-07-09 23:04:07,2024-09-12 15:20:55
20262000000229638,20262000000035001,Ahpas,,,,,2024-07-09 23:04:07,2024-09-12 15:20:55
20262000000229641,20262000000035001,Cabrini Hospital Pharmacy Department,,,,,2024-07-09 23:04:07,2024-09-12 15:20:55
20262000000229644,20262000000035001,Daisy Hill Pharmacy,,,,,2024-07-09 23:04:07,2024-07-09 23:04:07
20262000000229647,20262000000035001,Blue Rock Health,,,,,2024-07-09 23:04:07,2024-09-12 15:20:55
20262000000229650,20262000000035001,Charlestown Pharmacy,,,,,2024-07-09 23:04:07,2024-08-22 16:33:04
20262000000229653,20262000000035001,Direct Chemist Outlet Gladstone Park,,,,,2024-07-09 23:04:07,2024-08-22 16:33:17
20262000000229656,20262000000035001,Warwick Friendly Society Dispensary,,,,,2024-07-09 23:04:07,2024-09-12 15:20:55
20262000000229659,20262000000035001,Campbellfield Pharmacy,,,,,2024-07-09 23:04:07,2024-09-12 15:20:55
20262000000229662,20262000000035001,TerryWhite Chemmart Tuggerah,,,,,2024-07-09 23:04:07,2024-09-12 15:20:55
20262000000229665,20262000000035001,Red Hill Day and Night Pharmacy,,,,,2024-07-09 23:04:07,2024-09-12 15:20:56
20262000000229668,20262000000035001,BMF Pharmacy Group,,,,,2024-07-09 23:04:07,2024-09-12 15:20:56
20262000000229671,20262000000035001,Alchemi Group,,,,,2024-07-09 23:04:07,2024-08-22 16:32:59
20262000000229674,20262000000035001,Prahran Midnight Pharmacy,,,,,2024-07-09 23:04:07,2024-08-22 16:33:13
20262000000229677,20262000000035001,Civic Fair Pharmacy,,,,,2024-07-09 23:04:07,2024-09-12 15:20:56
20262000000229680,20262000000035001,Douglas Chemists Group,,,,,2024-07-09 23:04:07,2024-09-12 15:20:56
20262000000229683,20262000000035001,Priceline Pharmacy Bundoora,,,,,2024-07-09 23:04:07,2024-08-22 16:33:07
20262000000229686,20262000000035001,Amcal moree,,,,,2024-07-09 23:04:07,2024-09-12 15:20:56
20262000000229689,20262000000035001,Maryborough Friendlies Discount Pharmacy,,,,,2024-07-09 23:04:07,2024-09-12 15:20:56
20262000000229692,20262000000035001,Hackham Pharmacy,,,,,2024-07-09 23:04:07,2024-09-12 15:20:56
20262000000229695,20262000000035001,CHEMIST DISCOUNT CENTRE SEYMOUR,,,,,2024-07-09 23:04:07,2024-08-22 16:33:06
20262000000229698,20262000000035001,Chemis Discount Centre Laurimar,,,,,2024-07-09 23:04:07,2024-09-12 15:20:56
20262000000229701,20262000000035001,Terry White Chemists Armidale,,,,,2024-07-09 23:04:07,2024-09-12 15:20:56
20262000000229704,20262000000035001,Priceline Cranbourne Park,,,,,2024-07-09 23:04:07,2024-09-12 15:20:56
20262000000229707,20262000000035001,Direct Chemist Outlet Kilmore,,,,,2024-07-09 23:04:07,2024-08-22 16:33:08
20262000000229710,20262000000035001,Prof. Willy Volkman,,,,,2024-07-09 23:04:07,2024-09-12 15:20:56
20262000000229713,20262000000035001,Dr. Kathryn Emmerich,,,,,2024-07-09 23:04:07,2024-09-12 15:20:56
20262000000229716,20262000000035001,Marcus Greenholt,,,,,2024-07-09 23:04:07,2024-09-12 15:20:56
20262000000229719,20262000000035001,Danial Collins PhD,,,,,2024-07-09 23:04:07,2024-09-12 15:20:56
20262000000229722,20262000000035001,Call me,,,,,2024-07-09 23:04:07,2024-09-12 15:20:56
20262000000229725,20262000000035001,Bentleigh Discount Pharmacy,,,,,2024-07-09 23:04:07,2024-08-22 16:33:25
20262000000229728,20262000000035001,Your Discount Pharmacy,,,,,2024-07-09 23:04:07,2024-09-12 15:20:56
20262000000229731,20262000000035001,Direct Chemist Outlet Monier,,,,,2024-07-09 23:04:07,2024-08-22 16:33:12
20262000000229734,20262000000035001,Mandurah Central Pharmacy,,,,,2024-07-09 23:04:07,2024-08-22 16:33:10
20262000000229737,20262000000035001,TerryWhite Chemmart Brightwater,,,,,2024-07-09 23:04:07,2024-09-12 15:20:56
20262000000229740,20262000000035001,Khaled SelwanesInglewood Pharmacy,,,,,2024-07-09 23:04:07,2024-09-12 15:20:56
20262000000229743,20262000000035001,Direct Chemist Outlet Kilcoy,,,,,2024-07-09 23:04:07,2024-08-22 16:33:19
20262000000229746,20262000000035001,Natasha Namdarian,,,,,2024-07-09 23:04:07,2024-09-12 15:20:56
20262000000229749,20262000000035001,EAST GOSFORD CHEMIST SAVER,,,,,2024-07-09 23:04:07,2024-08-22 16:33:14
20262000000229752,20262000000035001,Locumate Australia,,,,,2024-07-09 23:04:07,2024-09-12 15:20:56
20262000000229755,20262000000035001,Priceline Pharmacy South Yarra,,,,,2024-07-09 23:04:07,2024-08-22 16:33:12
20262000000229758,20262000000035001,Chun Yen Lee,,,,,2024-07-09 23:04:07,2024-09-12 15:20:56
20262000000229761,20262000000035001,Beenleigh Complete Discount Chemist,,,,,2024-07-09 23:04:07,2024-09-12 15:20:56
20262000000229764,20262000000035001,Barone pharmacy Woodcroft,,,,,2024-07-09 23:04:07,2024-08-22 16:33:13
20262000000229767,20262000000035001,Stephane Pierre Paul Jallat,,,,,2024-07-09 23:04:07,2024-09-12 15:20:56
20262000000229770,20262000000035001,Phik Lun Foo,,,,,2024-07-09 23:04:07,2024-09-12 15:20:56
20262000000229773,20262000000035001,Nader Hanna,,,,,2024-07-09 23:04:07,2024-09-12 15:20:57
20262000000229776,20262000000035001,Christine Boulos,,,,,2024-07-09 23:04:07,2024-09-12 15:20:57
20262000000229779,20262000000035001,Anam Nasir,,,,,2024-07-09 23:04:07,2024-09-12 15:20:57
20262000000229782,20262000000035001,Di Deng,,,,,2024-07-09 23:04:07,2024-09-12 15:20:57
20262000000229785,20262000000035001,Cincotta Discount Chemist Stockland Mall Merrylands,,,,,2024-07-09 23:04:07,2024-08-22 16:33:06
20262000000229788,20262000000035001,Kong Sun Wong,,,,,2024-07-09 23:04:07,2024-09-12 15:20:57
20262000000229791,20262000000035001,Kavis Pharmacy,,,,,2024-07-09 23:04:07,2024-09-12 15:20:57
20262000000229794,20262000000035001,Direct Chemist Outlet Naracoorte,,,,,2024-07-09 23:04:07,2024-08-22 16:33:14
20262000000229797,20262000000035001,Kiara Parsons,,,,,2024-07-09 23:04:07,2024-09-12 15:20:57
2.0262E+16,20262000000035001,Calvary Prema Gollamandala,,,,,2024-07-09 23:04:07,2024-09-12 15:20:57
20262000000229803,20262000000035001,Mami Nakamura,,,,,2024-07-09 23:04:07,2024-09-12 15:20:57
20262000000229806,20262000000035001,Betty Wong,,,,,2024-07-09 23:04:07,2024-09-12 15:20:57
20262000000229809,20262000000035001,Jennifer Zhou,,,,,2024-07-09 23:04:07,2024-09-12 15:20:57
20262000000229812,20262000000035001,Katherine Gunthorpe,,,,,2024-07-09 23:04:07,2024-09-12 15:20:57
20262000000229815,20262000000035001,Mei Tai,,,,,2024-07-09 23:04:07,2024-09-12 15:20:57
20262000000229818,20262000000035001,Harjeet Kaur,,,,,2024-07-09 23:04:07,2024-09-12 15:20:57
20262000000229821,20262000000035001,Nicole Carter,,,,,2024-07-09 23:04:07,2024-09-12 15:20:57
20262000000229824,20262000000035001,Nicole Carter,,,,,2024-07-09 23:04:07,2024-07-09 23:04:07
20262000000229827,20262000000035001,Jonathan Panagos,,,,,2024-07-09 23:04:07,2024-09-12 15:20:57
20262000000229830,20262000000035001,Daniel Nguyen,,,,,2024-07-09 23:04:07,2024-09-12 15:20:57
20262000000229833,20262000000035001,Kody Williams,,,,,2024-07-09 23:04:07,2024-09-12 15:20:57
20262000000229836,20262000000035001,Tony Alexopoulos,,,,,2024-07-09 23:04:07,2024-09-12 15:20:57
20262000000229839,20262000000035001,Alice Katen,,,,,2024-07-09 23:04:07,2024-09-12 15:20:57
20262000000229842,20262000000035001,Roths Pharmacy,,,,,2024-07-09 23:04:07,2024-08-22 16:33:02
20262000000229845,20262000000035001,Wangi Pharmacy,,,,,2024-07-09 23:04:07,2024-08-22 16:33:01
20262000000229848,20262000000035001,Aussie Pharmacy Hornsby,,,,,2024-07-09 23:04:07,2024-08-22 16:33:01
20262000000229851,20262000000035001,Direct Chemist Outlet Merimbula,,,,,2024-07-09 23:04:07,2024-09-12 15:20:57
20262000000229854,20262000000035001,Gurbinder Singh Chaggar,,,,,2024-07-09 23:04:07,2024-09-12 15:20:57
20262000000229857,20262000000035001,Amir Tawdrows,,,,,2024-07-09 23:04:07,2024-09-12 15:20:57
20262000000229860,20262000000035001,Peter Saleeb,,,,,2024-07-09 23:04:07,2024-09-12 15:20:57
20262000000229863,20262000000035001,Fatat Haddara,,,,,2024-07-09 23:04:07,2024-09-12 15:20:58
20262000000229866,20262000000035001,Alexis Joshua,,,,,2024-07-09 23:04:07,2024-09-12 15:20:58
20262000000229869,20262000000035001,Terry white chemmart Northlakes,,,,,2024-07-09 23:04:07,2024-08-22 16:33:26
20262000000229872,20262000000035001,Beresfield Pharmacy,,,,,2024-07-09 23:04:07,2024-08-22 16:33:10
20262000000229875,20262000000035001,Reginald Yakob,,,,,2024-07-09 23:04:07,2024-09-12 15:20:58
20262000000229878,20262000000035001,Gillian Swannick,,,,,2024-07-09 23:04:07,2024-09-12 15:20:58
20262000000229881,20262000000035001,Fiona Eva Vrankovic,,,,,2024-07-09 23:04:07,2024-09-12 15:20:58
20262000000229884,20262000000035001,Kelvin Nguyen,,,,,2024-07-09 23:04:07,2024-09-12 15:20:58
20262000000229887,20262000000035001,Saulius Balnionis,,,,,2024-07-09 23:04:07,2024-09-12 15:20:58
20262000000229890,20262000000035001,Prahran Midnight Pharmacy,,,,,2024-07-09 23:04:07,2024-07-09 23:04:07
20262000000229893,20262000000035001,John Quinn,,,,,2024-07-09 23:04:07,2024-09-12 15:20:58
20262000000229896,20262000000035001,Sarah Duck,,,,,2024-07-09 23:04:07,2024-09-12 15:20:58
20262000000229899,20262000000035001,Mason Abdalla,,,,,2024-07-09 23:04:07,2024-09-12 15:20:58
20262000000229902,20262000000035001,Katherine Whitcomb,,,,,2024-07-09 23:04:07,2024-09-12 15:20:58
20262000000229905,20262000000035001,Aliaa Elboraay,,,,,2024-07-09 23:04:07,2024-09-12 15:20:58
20262000000229908,20262000000035001,Aspasia Patsouris,,,,,2024-07-09 23:04:07,2024-09-12 15:20:58
20262000000229911,20262000000035001,Theressia Jose,,,,,2024-07-09 23:04:07,2024-09-12 15:20:58
20262000000229914,20262000000035001,Thu Anh Ngoc Pham,,,,,2024-07-09 23:04:07,2024-09-12 15:20:58
20262000000229917,20262000000035001,Lorraine Walker,,,,,2024-07-09 23:04:07,2024-09-12 15:20:58
20262000000229920,20262000000035001,Renu Bhutkar,,,,,2024-07-09 23:04:07,2024-09-12 15:20:58
20262000000229923,20262000000035001,Peter Foster,,,,,2024-07-09 23:04:07,2024-09-12 15:20:58
20262000000229926,20262000000035001,Mohamad Zreika,,,,,2024-07-09 23:04:07,2024-09-12 15:20:58
20262000000229929,20262000000035001,Leeton Discount pharmacy,,,,,2024-07-09 23:04:07,2024-08-22 16:33:06
20262000000229932,20262000000035001,Priceline Pharmacy Gympie,,,,,2024-07-09 23:04:07,2024-08-22 16:33:25
20262000000229935,20262000000035001,Dang Tran,,,,,2024-07-09 23:04:07,2024-09-12 15:20:58
20262000000229938,20262000000035001,May Chong,,,,,2024-07-09 23:04:07,2024-09-12 15:20:58
20262000000229941,20262000000035001,Alicia Haynes,,,,,2024-07-09 23:04:07,2024-09-12 15:20:58
20262000000229944,20262000000035001,Shearwater Investment,,,,,2024-07-09 23:04:07,2024-09-12 15:20:58
20262000000229947,20262000000035001,Atrium Plaza Pharmacy (Royal Brisbane and Womens Hospital),,,,,2024-07-09 23:04:07,2024-08-22 16:33:18
20262000000229950,20262000000035001,East Geelong Pharmacy,,,,,2024-07-09 23:04:07,2024-08-22 16:33:20
20262000000229953,20262000000035001,Vivian Abdallah,,,,,2024-07-09 23:04:07,2024-09-12 15:20:59
20262000000229956,20262000000035001,Wen Yee Tiong,,,,,2024-07-09 23:04:07,2024-09-12 15:20:59
20262000000229959,20262000000035001,Kym Larsson,,,,,2024-07-09 23:04:07,2024-09-12 15:20:59
20262000000229962,20262000000035001,Direct Chemist Outlet Werribee Village,,,,,2024-07-09 23:04:07,2024-08-22 16:33:23
20262000000229965,20262000000035001,Capital Chemist Raymond Terrace,,,,,2024-07-09 23:04:07,2024-08-22 16:33:12
20262000000229968,20262000000035001,Sabrina Le,,,,,2024-07-09 23:04:07,2024-09-12 15:20:59
20262000000229971,20262000000035001,Wei Soh,,,,,2024-07-09 23:04:07,2024-09-12 15:20:59
20262000000229974,20262000000035001,Eleni ezafiriou@outlook.com,,,,,2024-07-09 23:04:07,2024-09-12 15:20:59
20262000000229977,20262000000035001,Neik Alizadah,,,,,2024-07-09 23:04:07,2024-09-12 15:21:00
20262000000229980,20262000000035001,Chia Hung Lee,,,,,2024-07-09 23:04:07,2024-09-12 15:21:00
20262000000229983,20262000000035001,Komal Dua,,,,,2024-07-09 23:04:07,2024-09-12 15:21:00
20262000000229986,20262000000035001,Roths Medisave Pharmacy,,,,,2024-07-09 23:04:07,2024-08-22 16:33:04
20262000000229989,20262000000035001,Navin Amarsi,,,,,2024-07-09 23:04:07,2024-09-12 15:21:00
20262000000229992,20262000000035001,Huat Huo Lee,,,,,2024-07-09 23:04:07,2024-09-12 15:21:00
20262000000229995,20262000000035001,Sonia Dua,,,,,2024-07-09 23:04:07,2024-09-12 15:21:00
20262000000229998,20262000000035001,Jack Thomas,,,,,2024-07-09 23:04:07,2024-09-12 15:21:00
20262000000230001,20262000000035001,Kristian Salipas,,,,,2024-07-09 23:04:07,2024-09-12 15:21:00
20262000000230004,20262000000035001,Sarah Van soest,,,,,2024-07-09 23:04:07,2024-09-12 15:21:00
20262000000230007,20262000000035001,David Mikhael,,,,,2024-07-09 23:04:07,2024-09-12 15:21:00
20262000000230010,20262000000035001,Ahmed Peer,,,,,2024-07-09 23:04:07,2024-09-12 15:21:00
20262000000230013,20262000000035001,Mina Hanna,,,,,2024-07-09 23:04:07,2024-09-12 15:21:00
20262000000230016,20262000000035001,Direct Chemist Outlet Ripponlea,,,,,2024-07-09 23:04:07,2024-08-22 16:33:11
20262000000230019,20262000000035001,Cayla Kate Owins,,,,,2024-07-09 23:04:07,2024-09-12 15:21:00
20262000000230022,20262000000035001,Evan Walters,,,,,2024-07-09 23:04:07,2024-09-12 15:21:00
20262000000230025,20262000000035001,Chung Hong Chai,,,,,2024-07-09 23:04:07,2024-09-12 15:21:00
20262000000230028,20262000000035001,Chemist on Redleaf,,,,,2024-07-09 23:04:07,2024-08-22 16:33:23
20262000000230031,20262000000035001,Wade’s Wellness Chemist,,,,,2024-07-09 23:04:07,2024-09-12 15:21:00
20262000000230034,20262000000035001,Fraz Family Pharmacy North Lakes,,,,,2024-07-09 23:04:07,2024-08-22 16:33:13
20262000000230037,20262000000035001,Market Square Pharmacist Advice Pharmacy,,,,,2024-07-09 23:04:07,2024-08-22 16:33:23
20262000000230040,20262000000035001,Georgia Dorahy,,,,,2024-07-09 23:04:07,2024-09-12 15:21:00
20262000000230043,20262000000035001,David Rees,,,,,2024-07-09 23:04:07,2024-09-12 15:21:00
20262000000230046,20262000000035001,David Nguyen,,,,,2024-07-09 23:04:07,2024-09-12 15:21:00
20262000000230049,20262000000035001,Blackbird Ventures Pty Ltd,,,,,2024-07-09 23:04:07,2024-09-12 15:21:00
20262000000230052,20262000000035001,Vivien Pham,,,,,2024-07-09 23:04:07,2024-09-12 15:21:00
20262000000230055,20262000000035001,Cincotta Discount Chemist Mascot,,,,,2024-07-09 23:04:07,2024-08-22 16:33:24
20262000000230058,20262000000035001,Andrew Ho,,,,,2024-07-09 23:04:07,2024-09-12 15:21:00
20262000000230061,20262000000035001,Audrey Teoh,,,,,2024-07-09 23:04:07,2024-09-12 15:21:00
20262000000230064,20262000000035001,Lauren Gray,,,,,2024-07-09 23:04:07,2024-09-12 15:21:01
20262000000230067,20262000000035001,Joe (Yo Sup) Chung,,,,,2024-07-09 23:04:07,2024-09-12 15:21:01
20262000000230070,20262000000035001,Cincotta Kingsgrove,,,,,2024-07-09 23:04:07,2024-08-22 16:33:20
20262000000230073,20262000000035001,Chun kee Teh,,,,,2024-07-09 23:04:07,2024-09-12 15:21:01
20262000000230076,20262000000035001,Manj Basra,,,,,2024-07-09 23:04:07,2024-09-12 15:21:01
20262000000230079,20262000000035001,Wei Chih Fan Chiang,,,,,2024-07-09 23:04:07,2024-09-12 15:21:01
20262000000230082,20262000000035001,S M Jakir Hossain,,,,,2024-07-09 23:04:07,2024-09-12 15:21:01
20262000000230085,20262000000035001,arransidhu11@gmail.com Sidhu,,,,,2024-07-09 23:04:07,2024-09-12 15:21:01
20262000000230088,20262000000035001,Malek Abu Serhan,,,,,2024-07-09 23:04:07,2024-09-12 15:21:01
20262000000230091,20262000000035001,GoodLife Pharmacy,,,,,2024-07-09 23:04:07,2024-08-22 16:33:24
20262000000230094,20262000000035001,Moorebank Day and Night Pharmacy,,,,,2024-07-09 23:04:07,2024-08-22 16:33:26
20262000000230097,20262000000035001,Priceline Pharmacy Showgrounds,,,,,2024-07-09 23:04:07,2024-08-22 16:33:15
2.0262E+16,20262000000035001,Wisemans Ferry Pharmacy,,,,,2024-07-09 23:04:07,2024-08-22 16:33:17
20262000000230103,20262000000035001,Crystal Lai,,,,,2024-07-09 23:04:07,2024-09-12 15:21:01
20262000000230106,20262000000035001,Karumba Pharmacy,,,,,2024-07-09 23:04:07,2024-08-22 16:33:18
20262000000230109,20262000000035001,Thi Bich Kim Dao,,,,,2024-07-09 23:04:07,2024-09-12 15:21:01
20262000000230112,20262000000035001,Joyce Danielle Punzalan,,,,,2024-07-09 23:04:07,2024-09-12 15:21:01
20262000000230115,20262000000035001,Jasmine Rafiq,,,,,2024-07-09 23:04:07,2024-09-12 15:21:01
20262000000230118,20262000000035001,Chemist warehouse airport west,,,,,2024-07-09 23:04:07,2024-08-22 16:33:11
20262000000230121,20262000000035001,Fika Ventures,,,,,2024-07-09 23:04:07,2024-09-12 15:21:01
20262000000230124,20262000000035001,New Enterprise Associates,,,,,2024-07-09 23:04:07,2024-09-12 15:21:01
20262000000230127,20262000000035001,Lerer Hippeau,,,,,2024-07-09 23:04:07,2024-09-12 15:21:01
20262000000230130,20262000000035001,U.S. Venture Partners,,,,,2024-07-09 23:04:07,2024-09-12 15:21:01
20262000000230133,20262000000035001,Dreamit Ventures,,,,,2024-07-09 23:04:07,2024-09-12 15:21:01
20262000000230136,20262000000035001,StartUp Health,,,,,2024-07-09 23:04:07,2024-09-12 15:21:01
20262000000230139,20262000000035001,Octopus Ventures,,,,,2024-07-09 23:04:07,2024-09-12 15:21:01
20262000000230142,20262000000035001,Pitango Venture Capital,,,,,2024-07-09 23:04:07,2024-09-12 15:21:01
20262000000230145,20262000000035001,Mountain Partners,,,,,2024-07-09 23:04:07,2024-09-12 15:21:01
20262000000230148,20262000000035001,Canvas Ventures,,,,,2024-07-09 23:04:07,2024-09-12 15:21:01
20262000000230151,20262000000035001,HealthTech Capital,,,,,2024-07-09 23:04:07,2024-09-12 15:21:02
20262000000230154,20262000000035001,VU Venture Partners,,,,,2024-07-09 23:04:07,2024-09-12 15:21:02
20262000000230157,20262000000035001,Dreamit Healthtech,,,,,2024-07-09 23:04:07,2024-09-12 15:21:02
20262000000230160,20262000000035001,ManchesterStory Group,,,,,2024-07-09 23:04:07,2024-09-12 15:21:02
20262000000230163,20262000000035001,Anthill Ventures,,,,,2024-07-09 23:04:07,2024-09-12 15:21:02
20262000000230166,20262000000035001,Verge HealthTech Fund,,,,,2024-07-09 23:04:07,2024-09-12 15:21:02
20262000000230169,20262000000035001,Niharika Kura,,,,,2024-07-09 23:04:07,2024-07-09 23:04:07
20262000000230172,20262000000035001,Calmans Pharmacy,,,,,2024-07-09 23:04:07,2024-08-22 16:33:24
20262000000230175,20262000000035001,Sevinc Senee,,,,,2024-07-09 23:04:07,2024-09-12 15:21:02
20262000000230178,20262000000035001,Priceline Pharmacy Australia Fair,,,,,2024-07-09 23:04:07,2024-08-22 16:33:15
20262000000230181,20262000000035001,Priceline Pharmacy Aitkenvale,,,,,2024-07-09 23:04:07,2024-08-22 16:33:21
20262000000230184,20262000000035001,Priceline Pharmacy Mercato on Byron,,,,,2024-07-09 23:04:07,2024-08-22 16:33:00
20262000000230187,20262000000035001,Priceline Pharmacy Byron West,,,,,2024-07-09 23:04:07,2024-08-22 16:33:16
20262000000230190,20262000000035001,Infinity Pharmacy Belmont,,,,,2024-07-09 23:04:07,2024-08-22 16:33:02
20262000000230193,20262000000035001,Priceline Pharmacy Bray Park,,,,,2024-07-09 23:04:07,2024-08-22 16:33:13
20262000000230196,20262000000035001,Chemist Discount Centre Browns Plains,,,,,2024-07-09 23:04:07,2024-08-22 16:33:26
20262000000230199,20262000000035001,Priceline Pharmacy Burpengary East The Hub,,,,,2024-07-09 23:04:07,2024-08-22 16:33:16
20262000000230202,20262000000035001,Capital Chemist Bowral,,,,,2024-07-09 23:04:07,2024-08-22 16:33:15
20262000000230205,20262000000035001,Capital Chemist Braidwood,,,,,2024-07-09 23:04:07,2024-08-22 16:33:13
20262000000230208,20262000000035001,Vaibhav Pokhriyal,,,,,2024-07-09 23:04:07,2024-09-12 15:21:03
20262000000230211,20262000000035001,Sui chun Tsui,,,,,2024-07-09 23:04:07,2024-09-12 15:21:03
20262000000230214,20262000000035001,Sithira Muthumuni,,,,,2024-07-09 23:04:07,2024-09-12 15:21:03
20262000000230217,20262000000035001,Breakthrough Victoria,,,,,2024-07-09 23:04:07,2024-09-12 15:21:03
20262000000230220,20262000000035001,Wenbo Li,,,,,2024-07-09 23:04:07,2024-09-12 15:21:03
20262000000230223,20262000000035001,Priceline Pharmacy Nambour,,,,,2024-07-09 23:04:07,2024-08-22 16:33:24
20262000000230226,20262000000035001,Yolanda Chua,,,,,2024-07-09 23:04:07,2024-09-12 15:21:03
20262000000230229,20262000000035001,Priceline Pharmacy Burpengary,,,,,2024-07-09 23:04:07,2024-08-22 16:33:09
20262000000230232,20262000000035001,Infinity Pharmacy Eli Waters,,,,,2024-07-09 23:04:07,2024-08-22 16:33:16
20262000000230235,20262000000035001,Infinity Pharmacy Endeavour Hills,,,,,2024-07-09 23:04:07,2024-08-22 16:33:10
20262000000230238,20262000000035001,Priceline Pharmacy East Victoria Park,,,,,2024-07-09 23:04:07,2024-08-22 16:33:10
20262000000230241,20262000000035001,Priceline Pharmacy Forest Lake,,,,,2024-07-09 23:04:07,2024-08-22 16:33:17
20262000000230244,20262000000035001,Priceline Pharmacy George Street,,,,,2024-07-09 23:04:07,2024-08-22 16:33:08
20262000000230247,20262000000035001,Priceline Pharmacy Stockland Aitkenvale,,,,,2024-07-09 23:04:07,2024-08-22 16:33:25
20262000000230250,20262000000035001,Priceline Pharmacy Anzac Square,,,,,2024-07-09 23:04:07,2024-08-22 16:33:20
20262000000230253,20262000000035001,Infinity Pharmacy Castletown,,,,,2024-07-09 23:04:07,2024-08-22 16:33:02
20262000000230256,20262000000035001,Infinity Pharmacy Earlville Upper,,,,,2024-07-09 23:04:07,2024-08-22 16:33:09
20262000000230259,20262000000035001,Infinity Pharmacy Earlville Lower,,,,,2024-07-09 23:04:07,2024-08-22 16:33:19
20262000000230262,20262000000035001,Lydia Keqi Lau,,,,,2024-07-09 23:04:07,2024-09-12 15:21:03
20262000000230265,20262000000035001,Frank Chong,,,,,2024-07-09 23:04:07,2024-09-12 15:21:03
20262000000230268,20262000000035001,Wayne Hilton,,,,,2024-07-09 23:04:07,2024-09-12 15:21:03
20262000000230271,20262000000035001,Shao Ming Chan,,,,,2024-07-09 23:04:07,2024-09-12 15:21:03
20262000000230274,20262000000035001,United Chemist Taylor's Hill,,,,,2024-07-09 23:04:07,2024-08-22 16:33:08
20262000000230277,20262000000035001,Geetal Sundarji,,,,,2024-07-09 23:04:07,2024-09-12 15:21:03
20262000000230280,20262000000035001,Teresa Quynh Nhu Nguyen,,,,,2024-07-09 23:04:07,2024-09-12 15:21:03
20262000000230283,20262000000035001,Eddie Ibrahim,,,,,2024-07-09 23:04:07,2024-09-12 15:21:03
20262000000230286,20262000000035001,Xue Han,,,,,2024-07-09 23:04:07,2024-09-12 15:21:03
20262000000230289,20262000000035001,Nariman Megally,,,,,2024-07-09 23:04:07,2024-09-12 15:21:03
20262000000230292,20262000000035001,Gregory Ambler,,,,,2024-07-09 23:04:07,2024-09-12 15:21:03
20262000000230295,20262000000035001,Daniel Cheesbrough,,,,,2024-07-09 23:04:07,2024-09-12 15:21:03
20262000000230298,20262000000035001,Tom Lane Pharmacy Botanic Ridge,,,,,2024-07-09 23:04:07,2024-08-22 16:33:10
20262000000230301,20262000000035001,Direct Chemist Outlet Caloundra,,,,,2024-07-09 23:04:07,2024-08-22 16:33:03
20262000000230304,20262000000035001,Wizard Pharmacy Casuarina,,,,,2024-07-09 23:04:07,2024-08-22 16:33:19
20262000000230307,20262000000035001,Infinity Pharmacy Hervey Bay,,,,,2024-07-09 23:04:07,2024-08-22 16:33:18
20262000000230310,20262000000035001,Priceline Pharmacy Stockland Hervey Bay,,,,,2024-07-09 23:04:07,2024-08-22 16:33:22
20262000000230313,20262000000035001,Priceline Pharmacy Hervey Bay Fraser Shores,,,,,2024-07-09 23:04:07,2024-08-22 16:33:16
20262000000230316,20262000000035001,Priceline Pharmacy Hinkler Central,,,,,2024-07-09 23:04:07,2024-08-22 16:33:21
20262000000230319,20262000000035001,Infinity Pharmacy Heatherton Road,,,,,2024-07-09 23:04:07,2024-08-22 16:33:01
20262000000230322,20262000000035001,Priceline Pharmacy James Street,,,,,2024-07-09 23:04:07,2024-08-22 16:33:02
20262000000230325,20262000000035001,Infinity Pharmacy Kawungan,,,,,2024-07-09 23:04:07,2024-08-22 16:33:12
20262000000230328,20262000000035001,Infinity Pharmacy Kin Kora,,,,,2024-07-09 23:04:07,2024-08-22 16:33:08
20262000000230331,20262000000035001,Priceline Pharmacy Kawana,,,,,2024-07-09 23:04:07,2024-08-22 16:33:08
20262000000230334,20262000000035001,Chemist Discount Centre Kawana,,,,,2024-07-09 23:04:07,2024-08-22 16:33:22
20262000000230337,20262000000035001,Priceline Pharmacy Logan Hyperdome,,,,,2024-07-09 23:04:07,2024-08-22 16:33:11
20262000000230340,20262000000035001,Priceline Pharmacy MacArthur Central,,,,,2024-07-09 23:04:07,2024-08-22 16:33:08
20262000000230343,20262000000035001,Mudgee Pharmacy,,,,,2024-07-09 23:04:07,2024-08-22 16:33:02
20262000000230346,20262000000035001,Infinity Pharmacy Mooloolaba,,,,,2024-07-09 23:04:07,2024-08-22 16:33:04
20262000000230349,20262000000035001,Bridgewater Pharmacy,,,,,2024-07-09 23:04:07,2024-08-22 16:33:02
20262000000230352,20262000000035001,Melissa Eelman,,,,,2024-07-09 23:04:07,2024-09-12 15:21:03
20262000000230355,20262000000035001,Gloria Poon,,,,,2024-07-09 23:04:07,2024-09-12 15:21:03
20262000000230358,20262000000035001,Amarilis Toskov,,,,,2024-07-09 23:04:07,2024-09-12 15:21:03
20262000000230361,20262000000035001,Justin Mettam,,,,,2024-07-09 23:04:07,2024-09-12 15:21:03
20262000000230364,20262000000035001,Dannii Carvignese,,,,,2024-07-09 23:04:07,2024-09-12 15:21:03
20262000000230367,20262000000035001,Rafik Faltas,,,,,2024-07-09 23:04:07,2024-09-12 15:21:03
20262000000230370,20262000000035001,Cia Shien Siu,,,,,2024-07-09 23:04:07,2024-09-12 15:21:03
20262000000230373,20262000000035001,Ting-Yun Annie Cheng,,,,,2024-07-09 23:04:07,2024-09-12 15:21:03
20262000000230376,20262000000035001,Wei Han Tan,,,,,2024-07-09 23:04:07,2024-09-12 15:21:03
20262000000230379,20262000000035001,Marsden Soul Pattinson,,,,,2024-07-09 23:04:07,2024-08-22 16:33:17
20262000000230382,20262000000035001,Broadbeach Day and Night Chemist,,,,,2024-07-09 23:04:07,2024-08-22 16:33:19
20262000000230385,20262000000035001,Beovichs pharmacy,,,,,2024-07-09 23:04:07,2024-08-22 16:33:11
20262000000230388,20262000000035001,Karen Rui Wen Ong,,,,,2024-07-09 23:04:07,2024-09-12 15:21:03
20262000000230391,20262000000035001,Alice Hui Li Bong,,,,,2024-07-09 23:04:07,2024-09-12 15:21:04
20262000000230394,20262000000035001,Sitti Hussain,,,,,2024-07-09 23:04:07,2024-09-12 15:21:04
20262000000230397,20262000000035001,Aida Alihodzic,,,,,2024-07-09 23:04:07,2024-09-12 15:21:04
2.0262E+16,20262000000035001,Simone Langenhuizen,,,,,2024-07-09 23:04:07,2024-09-12 15:21:04
20262000000230403,20262000000035001,Ellen Matingo,,,,,2024-07-09 23:04:07,2024-09-12 15:21:04
20262000000230406,20262000000035001,Huy Nguyen,,,,,2024-07-09 23:04:07,2024-09-12 15:21:04
20262000000230409,20262000000035001,Capital Chemist,,,,,2024-07-09 23:04:07,2024-09-12 15:21:04
20262000000230412,20262000000035001,Star Pharmacy Group,,,,,2024-07-09 23:04:07,2024-07-09 23:04:07
20262000000230415,20262000000035001,Phuong Nga Nguyen,,,,,2024-07-09 23:04:07,2024-09-12 15:21:04
20262000000230418,20262000000035001,Bakers Hill Pharmacy,,,,,2024-07-09 23:04:07,2024-08-22 16:33:22
20262000000230421,20262000000035001,BDev Ventures,,,,,2024-07-09 23:04:07,2024-09-12 15:21:04
20262000000230424,20262000000035001,Square Peg Capital,,,,,2024-07-09 23:04:07,2024-09-12 15:21:04
20262000000230427,20262000000035001,Artesian Ventures,,,,,2024-07-09 23:04:07,2024-09-12 15:21:04
20262000000230430,20262000000035001,Antler VC,,,,,2024-07-09 23:04:07,2024-09-12 15:21:04
20262000000230433,20262000000035001,Jaynish Suri,,,,,2024-07-09 23:04:07,2024-09-12 15:21:04
20262000000230436,20262000000035001,Orla Mary Galvin,,,,,2024-07-09 23:04:07,2024-09-12 15:21:04
20262000000230439,20262000000035001,Strathfield Boulevarde Pharmacy,,,,,2024-07-09 23:04:07,2024-08-22 16:33:08
20262000000230442,20262000000035001,Terry White Chemmart Mt Eliza,,,,,2024-07-09 23:04:07,2024-08-22 16:33:00
20262000000230445,20262000000035001,Cinoj Thomas,,,,,2024-07-09 23:04:07,2024-09-12 15:21:04
20262000000230448,20262000000035001,Cincotta Discount Chemist Balgowlah,,,,,2024-07-09 23:04:07,2024-08-22 16:33:19
20262000000230451,20262000000035001,TerryWhite Chemmart Noble Park,,,,,2024-07-09 23:04:07,2024-08-22 16:33:13
20262000000230454,20262000000035001,Minh Duong,,,,,2024-07-09 23:04:07,2024-09-12 15:21:04
20262000000230457,20262000000035001,Galileo Ventures,,,,,2024-07-09 23:04:07,2024-09-12 15:21:04
20262000000230460,20262000000035001,Startmate,,,,,2024-07-09 23:04:07,2024-09-12 15:21:05
20262000000230463,20262000000035001,Luma Fawzi Alawabdeh,,,,,2024-07-09 23:04:07,2024-09-12 15:21:05
20262000000230466,20262000000035001,Jogendra Suri,,,,,2024-07-09 23:04:07,2024-09-12 15:21:05
20262000000230469,20262000000035001,Sarah Hays,,,,,2024-07-09 23:04:07,2024-09-12 15:21:05
20262000000230472,20262000000035001,scalare partners,,,,,2024-07-09 23:04:07,2024-09-12 15:21:05
20262000000230475,20262000000035001,Tracey Le,,,,,2024-07-09 23:04:07,2024-09-12 15:21:05
20262000000230478,20262000000035001,Gregory Steven Laurence Bereza,,,,,2024-07-09 23:04:07,2024-09-12 15:21:05
20262000000230481,20262000000035001,Claudia Wu,,,,,2024-07-09 23:04:07,2024-09-12 15:21:05
20262000000230484,20262000000035001,Sandra Owusu,,,,,2024-07-09 23:04:07,2024-09-12 15:21:05
20262000000230487,20262000000035001,Louie Elicano,,,,,2024-07-09 23:04:07,2024-09-12 15:21:05
20262000000230490,20262000000035001,Aimee Long,,,,,2024-07-09 23:04:07,2024-09-12 15:21:05
20262000000230493,20262000000035001,Nhi Thanh Diep,,,,,2024-07-09 23:04:07,2024-09-12 15:21:05
20262000000230496,20262000000035001,hiba waseem,,,,,2024-07-09 23:04:07,2024-09-12 15:21:05
20262000000230499,20262000000035001,Bincymole Naduvileparambil Lakshmanan,,,,,2024-07-09 23:04:07,2024-09-12 15:21:05
20262000000230502,20262000000035001,Amanda Thomas,,,,,2024-07-09 23:04:07,2024-09-12 15:21:05
20262000000230505,20262000000035001,Shareef Ali,,,,,2024-07-09 23:04:07,2024-09-12 15:21:05
20262000000230508,20262000000035001,Imes Pharmacy,,,,,2024-07-09 23:04:07,2024-08-22 16:32:59
20262000000230511,20262000000035001,richmansour@gmail.com Mansour,,,,,2024-07-09 23:04:07,2024-09-12 15:21:06
20262000000230514,20262000000035001,Infinity Pharmacy Moranbah,,,,,2024-07-09 23:04:07,2024-08-22 16:33:23
20262000000230517,20262000000035001,Priceline Pharmacy Newcomb Central,,,,,2024-07-09 23:04:07,2024-08-22 16:33:17
20262000000230520,20262000000035001,Infinity Pharmacy Pialba,,,,,2024-07-09 23:04:07,2024-08-22 16:32:58
20262000000230523,20262000000035001,Priceline Pharmacy Park Ridge,,,,,2024-07-09 23:04:07,2024-08-22 16:33:20
20262000000230526,20262000000035001,Priceline Pharmacy Yamanto,,,,,2024-07-09 23:04:07,2024-08-22 16:33:06
20262000000230529,20262000000035001,Priceline Pharmacy Yamanto Central,,,,,2024-07-09 23:04:07,2024-08-22 16:33:26
20262000000230532,20262000000035001,Chemist Discount Centre Westpoint Plaza,,,,,2024-07-09 23:04:07,2024-08-22 16:33:05
20262000000230535,20262000000035001,Infinity Pharmacy Warrnambool,,,,,2024-07-09 23:04:07,2024-08-22 16:33:18
20262000000230538,20262000000035001,Infinity Pharmacy Warner,,,,,2024-07-09 23:04:07,2024-08-22 16:33:04
20262000000230541,20262000000035001,Wholelife Pharmacy Toowong,,,,,2024-07-09 23:04:07,2024-08-22 16:33:17
20262000000230544,20262000000035001,Infinity Pharmacy Torquay,,,,,2024-07-09 23:04:07,2024-08-22 16:33:26
20262000000230547,20262000000035001,Priceline Pharmacy Sunny Park,,,,,2024-07-09 23:04:07,2024-08-22 16:33:11
20262000000230550,20262000000035001,Priceline Pharmacy Spring Hill,,,,,2024-07-09 23:04:07,2024-08-22 16:33:20
20262000000230553,20262000000035001,Priceline Pharmacy Sunnybank Hills,,,,,2024-07-09 23:04:07,2024-08-22 16:33:11
20262000000230556,20262000000035001,Infinity Pharmacy Rockingham,,,,,2024-07-09 23:04:07,2024-08-22 16:33:04
20262000000230559,20262000000035001,Priceline Pharmacy Robina,,,,,2024-07-09 23:04:07,2024-08-22 16:33:00
20262000000230562,20262000000035001,Priceline Pharmacy Rockhampton Upper,,,,,2024-07-09 23:04:07,2024-08-22 16:33:19
20262000000230565,20262000000035001,Priceline Pharmacy Rochedale,,,,,2024-07-09 23:04:07,2024-08-22 16:33:03
20262000000230568,20262000000035001,Formulae Compounding Albury,,,,,2024-07-09 23:04:07,2024-08-22 16:33:23
20262000000230571,20262000000035001,Nishit Vaitha,,,,,2024-07-09 23:04:07,2024-09-12 15:21:06
20262000000230574,20262000000035001,Your community pharmacy newport,,,,,2024-07-09 23:04:07,2024-08-22 16:32:59
20262000000230577,20262000000035001,Priceline Pharmacy Mountview,,,,,2024-07-09 23:04:07,2024-08-22 16:33:04
20262000000230580,20262000000035001,Priceline Pharmacy Mandurah East,,,,,2024-07-09 23:04:07,2024-08-22 16:33:09
20262000000230583,20262000000035001,Infinity Pharmacy Mandurah Forum,,,,,2024-07-09 23:04:07,2024-08-22 16:33:24
20262000000230586,20262000000035001,Good Health Compounding Pharmacy,,,,,2024-07-09 23:04:07,2024-08-22 16:33:15
20262000000230589,20262000000035001,Karina Khiu,,,,,2024-07-09 23:04:07,2024-09-12 15:21:06
20262000000230592,20262000000035001,Wen jean Loo,,,,,2024-07-09 23:04:07,2024-09-12 15:21:06
20262000000230595,20262000000035001,Ashba Najeeb,,,,,2024-07-09 23:04:07,2024-09-12 15:21:06
20262000000230598,20262000000035001,John Brandi,,,,,2024-07-09 23:04:07,2024-09-12 15:21:06
20262000000230601,20262000000035001,Chemist Discount Centre Upper Ferntree Gully,,,,,2024-07-09 23:04:07,2024-08-22 16:33:05
20262000000230604,20262000000035001,Mourad Beshay,,,,,2024-07-09 23:04:07,2024-09-12 15:21:06
20262000000230607,20262000000035001,Vo Hoang Thy Mai,,,,,2024-07-09 23:04:07,2024-09-12 15:21:06
20262000000230610,20262000000035001,Jason Mak,,,,,2024-07-09 23:04:07,2024-09-12 15:21:06
20262000000230613,20262000000035001,Hieu Cao,,,,,2024-07-09 23:04:07,2024-09-12 15:21:06
20262000000230616,20262000000035001,Skunkpharm,,,,,2024-07-09 23:04:07,2024-09-12 15:21:06
20262000000230619,20262000000035001,Skalata,,,,,2024-07-09 23:04:07,2024-09-12 15:21:06
20262000000230622,20262000000035001,JAMAS,,,,,2024-07-09 23:04:07,2024-09-12 15:21:06
20262000000230625,20262000000035001,Allison Wilds,,,,,2024-07-09 23:04:07,2024-09-12 15:21:06
20262000000230628,20262000000035001,Huyen Nguyen-Doan,,,,,2024-07-09 23:04:07,2024-09-12 15:21:06
20262000000230631,20262000000035001,Ndongayami Saurombe,,,,,2024-07-09 23:04:07,2024-09-12 15:21:06
20262000000230634,20262000000035001,LINHU LIU,,,,,2024-07-09 23:04:07,2024-09-12 15:21:06
20262000000230637,20262000000035001,Duy Nguyen,,,,,2024-07-09 23:04:07,2024-09-12 15:21:06
20262000000230640,20262000000035001,Ashley Murrell-Orgill,,,,,2024-07-09 23:04:07,2024-09-12 15:21:06
20262000000230643,20262000000035001,Charisma Wincott,,,,,2024-07-09 23:04:07,2024-09-12 15:21:06
20262000000230646,20262000000035001,Infinity Pharmacy Wamuran,,,,,2024-07-09 23:04:07,2024-08-22 16:33:11
20262000000230649,20262000000035001,Mullein Pharmacy Hillcrest,,,,,2024-07-09 23:04:07,2024-08-22 16:33:04
20262000000230652,20262000000035001,Pharmacy Lab Corrimal,,,,,2024-07-09 23:04:07,2024-09-12 15:21:06
20262000000230655,20262000000035001,Akash Amin,,,,,2024-07-09 23:04:07,2024-09-12 15:21:06
20262000000230658,20262000000035001,Gina Boutros,,,,,2024-07-09 23:04:07,2024-09-12 15:21:06
20262000000230661,20262000000035001,Jeeyoung Park,,,,,2024-07-09 23:04:07,2024-09-12 15:21:06
20262000000230664,20262000000035001,Scaffidi Group,,,,,2024-07-09 23:04:07,2024-09-12 15:21:06
20262000000230667,20262000000035001,Ramsay Pharmacy,,,,,2024-07-09 23:04:07,2024-09-12 15:21:07
20262000000230670,20262000000035001,MediADVICE,,,,,2024-07-09 23:04:07,2024-09-12 15:21:07
20262000000230673,20262000000035001,HealthSAVE,,,,,2024-07-09 23:04:07,2024-09-12 15:21:07
20262000000230676,20262000000035001,PharmacyChoice,,,,,2024-07-09 23:04:07,2024-09-12 15:21:07
20262000000230679,20262000000035001,Priceline Pharmacy Settlement City,,,,,2024-07-09 23:04:07,2025-08-15 3:49:32
20262000000230682,20262000000035001,Manly Corso Pharmacy,,,,,2024-07-09 23:04:07,2024-08-22 16:33:07
20262000000230685,20262000000035001,Pharmacy World North Fawkner,,,,,2024-07-09 23:04:07,2024-09-12 15:21:07
20262000000230688,20262000000035001,Audrey Teoh,,,,,2024-07-09 23:04:07,2024-07-09 23:04:07
20262000000230691,20262000000035001,Aimee Long,,,,,2024-07-09 23:04:07,2024-07-09 23:04:07
20262000000230694,20262000000035001,Stephanie Romaro,,,,,2024-07-09 23:04:07,2024-09-12 15:21:07
20262000000230697,20262000000035001,Hanan Mounir Fekry Saad,,,,,2024-07-09 23:04:07,2024-09-12 15:21:07
2.0262E+16,20262000000035001,Ying Wen Chua,,,,,2024-07-09 23:04:07,2024-09-12 15:21:07
20262000000230703,20262000000035001,Priceline Pharmacy Reservoir,,,,,2024-07-09 23:04:07,2024-08-22 16:33:05
20262000000230706,20262000000035001,Crib Point Pharmacy,,,,,2024-07-09 23:04:07,2024-08-22 16:33:22
20262000000230709,20262000000035001,Elanora Pharmacy,,,,,2024-07-09 23:04:07,2024-08-22 16:33:00
20262000000230712,20262000000035001,Duy Nguyen,,,,,2024-07-09 23:04:07,2024-07-09 23:04:07
20262000000230715,20262000000035001,Nhu Nguyen,,,,,2024-07-09 23:04:07,2024-09-12 15:21:07
20262000000230718,20262000000035001,Sook Theng Yap,,,,,2024-07-09 23:04:07,2024-09-12 15:21:07
20262000000230721,20262000000035001,Mingxuan Cui,,,,,2024-07-09 23:04:07,2024-09-12 15:21:07
20262000000230724,20262000000035001,Howard Punchard,,,,,2024-07-09 23:04:07,2024-09-12 15:21:07
20262000000230727,20262000000035001,Paynesville Pharmacy,,,,,2024-07-09 23:04:07,2024-08-22 16:33:07
20262000000230730,20262000000035001,Kasey Keys,,,,,2024-07-09 23:04:07,2024-09-12 15:21:07
20262000000230733,20262000000035001,Mimi Truong,,,,,2024-07-09 23:04:07,2024-09-12 15:21:07
20262000000230736,20262000000035001,Lee Min Ooi,,,,,2024-07-09 23:04:07,2024-09-12 15:21:07
20262000000230739,20262000000035001,Erica Nguyen,,,,,2024-07-09 23:04:07,2024-09-12 15:21:07
20262000000230742,20262000000035001,Da In Kim,,,,,2024-07-09 23:04:07,2024-09-12 15:21:07
20262000000230745,20262000000035001,Kai Ying Lim,,,,,2024-07-09 23:04:07,2024-09-12 15:21:07
20262000000230748,20262000000035001,Houda Al Malliki,,,,,2024-07-09 23:04:07,2024-07-09 23:04:07
20262000000230751,20262000000035001,Priceline Pharmacy Southland,,,,,2024-07-09 23:04:07,2024-08-22 16:33:05
20262000000230754,20262000000035001,Blooms the Chemist Griffith,,,,,2024-07-09 23:04:07,2024-08-22 16:33:20
20262000000230757,20262000000035001,Ron Davis Pharmacy,,,,,2024-07-09 23:04:07,2024-08-22 16:32:58
20262000000230760,20262000000035001,Rosanna Pharmacy,,,,,2024-07-09 23:04:07,2024-08-22 16:33:26
20262000000230763,20262000000035001,Ashley Murrell-Orgill,,,,,2024-07-09 23:04:07,2024-07-09 23:04:07
20262000000230766,20262000000035001,Koo Wee Rup Discount Pharmacy,,,,,2024-07-09 23:04:07,2024-08-22 16:32:59
20262000000230769,20262000000035001,Kogarah Discount Drug Store,,,,,2024-07-09 23:04:07,2024-08-22 16:33:21
20262000000230772,20262000000035001,Sylvia Teh,,,,,2024-07-09 23:04:07,2024-09-12 15:21:08
20262000000230775,20262000000035001,Briddon Hardwick,,,,,2024-07-09 23:04:07,2024-09-12 15:21:08
20262000000230778,20262000000035001,Optum Ventures,,,,,2024-07-09 23:04:07,2024-09-12 15:21:08
20262000000230781,20262000000035001,Maegan Johnson,,,,,2024-07-09 23:04:07,2024-09-12 15:21:08
20262000000230784,20262000000035001,Wai Long Li,,,,,2024-07-09 23:04:07,2024-07-09 23:04:07
20262000000230787,20262000000035001,Hany Farag,,,,,2024-07-09 23:04:07,2024-07-09 23:04:07
20262000000230790,20262000000035001,Han Ling Ooi,,,,,2024-07-09 23:04:07,2024-09-12 15:21:08
20262000000230793,20262000000035001,Mirna Sydenham,,,,,2024-07-09 23:04:07,2024-09-12 15:21:08
20262000000230796,20262000000035001,Abdul waheed Barakzai,,,,,2024-07-09 23:04:07,2024-09-12 15:21:08
20262000000230799,20262000000035001,Eleni Zafiriou,,,,,2024-07-09 23:04:07,2024-09-12 15:21:08
20262000000230802,20262000000035001,Priceline Pharmacy Cairns Central,,,,,2024-07-09 23:04:07,2024-08-22 16:33:24
20262000000230805,20262000000035001,Gurpreet Dhaliwal,,,,,2024-07-09 23:04:07,2024-09-12 15:21:08
20262000000230808,20262000000035001,Abdul waheed Barakzai,,,,,2024-07-09 23:04:07,2024-07-09 23:04:07
20262000000230811,20262000000035001,Syam Vasavan,,,,,2024-07-09 23:04:07,2024-09-12 15:21:08
20262000000230814,20262000000035001,Moona Madani,,,,,2024-07-09 23:04:07,2024-07-09 23:04:07
20262000000230817,20262000000035001,Zoran Rojkovski,,,,,2024-07-09 23:04:07,2024-09-12 15:21:08
20262000000230820,20262000000035001,Patty Thompson,,,,,2024-07-09 23:04:07,2024-09-12 15:21:08
20262000000230823,20262000000035001,fahad najjar,,,,,2024-07-09 23:04:07,2024-09-12 15:21:08
20262000000230826,20262000000035001,Shonae Zeman,,,,,2024-07-09 23:04:07,2024-09-12 15:21:08
20262000000230829,20262000000035001,Logan City Pharmacy,,,,,2024-07-09 23:04:07,2024-08-22 16:33:00
20262000000230832,20262000000035001,Trang Nghe,,,,,2024-07-09 23:04:07,2024-09-12 15:21:08
20262000000230835,20262000000035001,Youssef El Kadmiri,,,,,2024-07-09 23:04:07,2024-09-12 15:21:08
20262000000230838,20262000000035001,Priceline Pharmacy Dubbo,,,,,2024-07-09 23:04:07,2024-08-22 16:33:04
20262000000230841,20262000000035001,Demi Ching-See Cheung,,,,,2024-07-09 23:04:07,2024-09-12 15:21:08
20262000000230844,20262000000035001,Sanjay Phal,,,,,2024-07-09 23:04:07,2024-09-12 15:21:08
20262000000230847,20262000000035001,K M Al-hasan Imam,,,,,2024-07-09 23:04:07,2024-09-12 15:21:08
20262000000230850,20262000000035001,Pik Jing Wong,,,,,2024-07-09 23:04:07,2024-09-12 15:21:09
20262000000230853,20262000000035001,Capital Chemist Narooma,,,,,2024-07-09 23:04:07,2024-08-22 16:33:18
20262000000230856,20262000000035001,Nasser Tarsissi,,,,,2024-07-09 23:04:07,2024-09-12 15:21:09
20262000000230859,20262000000035001,Arun Abraham,,,,,2024-07-09 23:04:07,2024-09-12 15:21:09
20262000000230862,20262000000035001,Mo Elliessy,,,,,2024-07-09 23:04:07,2024-09-12 15:21:09
20262000000230865,20262000000035001,Jayden Lyons,,,,,2024-07-09 23:04:07,2024-09-12 15:21:09
20262000000230868,20262000000035001,Daisy Lu,,,,,2024-07-09 23:04:07,2024-09-12 15:21:09
20262000000230871,20262000000035001,SHI EN NG,,,,,2024-07-09 23:04:07,2024-09-12 15:21:09
20262000000230874,20262000000035001,Mukeshkumar Pratapbhai Chaudhari,,,,,2024-07-09 23:04:07,2024-09-12 15:21:09
20262000000230877,20262000000035001,Joyce Lik Sing Ung,,,,,2024-07-09 23:04:07,2024-09-12 15:21:09
20262000000230880,20262000000035001,Radhika Jadav,,,,,2024-07-09 23:04:07,2024-09-12 15:21:09
20262000000230883,20262000000035001,Mozhgan Aliakbari,,,,,2024-07-09 23:04:07,2024-09-12 15:21:09
20262000000230886,20262000000035001,Awab Abbas Khokhar,,,,,2024-07-09 23:04:07,2024-09-12 15:21:09
20262000000230889,20262000000035001,Madhushi Nisansala Muthukuda,,,,,2024-07-09 23:04:07,2024-09-12 15:21:09
20262000000230892,20262000000035001,Nimesh Ching,,,,,2024-07-09 23:04:07,2024-09-12 15:21:10
20262000000230895,20262000000035001,Samuel Yarwood,,,,,2024-07-09 23:04:07,2024-09-12 15:21:10
20262000000230898,20262000000035001,Rutendo Chimuka,,,,,2024-07-09 23:04:07,2024-09-12 15:21:10
20262000000230901,20262000000035001,Muhammad Omair Abdullah,,,,,2024-07-09 23:04:07,2024-09-12 15:21:10
20262000000230904,20262000000035001,Huyen Thi Ngoc Doan,,,,,2024-07-09 23:04:07,2024-09-12 15:21:10
20262000000230907,20262000000035001,Lana Balqa,,,,,2024-07-09 23:04:07,2024-09-12 15:21:10
20262000000230910,20262000000035001,Eylul Bozdogan,,,,,2024-07-09 23:04:07,2024-09-12 15:21:10
20262000000230913,20262000000035001,Lijun Lee,,,,,2024-07-09 23:04:07,2024-09-12 15:21:10
20262000000230916,20262000000035001,Maher Kirollos,,,,,2024-07-09 23:04:07,2024-09-12 15:21:10
20262000000230919,20262000000035001,Priceline Lilydale,,,,,2024-07-09 23:04:07,2024-08-22 16:33:02
20262000000230922,20262000000035001,Moree Amcal Pharmacy,,,,,2024-07-09 23:04:07,2024-08-22 16:32:59
20262000000230925,20262000000035001,Shie Yien Yap,,,,,2024-07-09 23:04:07,2024-09-12 15:21:10
20262000000230928,20262000000035001,Nila Khautama,,,,,2024-07-09 23:04:07,2024-09-12 15:21:10
20262000000230931,20262000000035001,Jasdeep Singh,,,,,2024-07-09 23:04:07,2024-09-12 15:21:10
20262000000230934,20262000000035001,McBeath Pharamacy,,,,,2024-07-09 23:04:07,2024-08-22 16:33:16
20262000000230937,20262000000035001,Barkhad Farah,,,,,2024-07-09 23:04:07,2024-09-12 15:21:10
20262000000230940,20262000000035001,Joseph Tam,,,,,2024-07-09 23:04:07,2024-09-12 15:21:10
20262000000230943,20262000000035001,Priceline Pharmacy Chatswood Level 2,,,,,2024-07-09 23:04:07,2024-08-22 16:33:05
20262000000230946,20262000000035001,Waterfall Gully Pharmacy,,,,,2024-07-09 23:04:07,2024-08-22 16:33:08
20262000000230949,20262000000035001,TerryWhite Chemmart Southgate,,,,,2024-07-09 23:04:07,2024-08-22 16:33:11
20262000000230952,20262000000035001,Helena Estate Pharmacy,,,,,2024-07-09 23:04:07,2024-08-22 16:33:11
20262000000230955,20262000000035001,Pharmacy Care - Cooks Hill,,,,,2024-07-09 23:04:07,2024-08-22 16:33:14
20262000000230958,20262000000035001,Ying-Ying Annie Hong,,,,,2024-07-09 23:04:07,2024-09-12 15:21:10
20262000000230961,20262000000035001,Ali Ali,,,,,2024-07-09 23:04:07,2024-09-12 15:21:10
20262000000230964,20262000000035001,Liam Nguyen,,,,,2024-07-09 23:04:07,2024-09-12 15:21:10
20262000000230967,20262000000035001,Marika Pauliina Kriikkula,,,,,2024-07-09 23:04:07,2024-09-12 15:21:10
20262000000230970,20262000000035001,Prince Kandel,,,,,2024-07-09 23:04:07,2024-09-12 15:21:10
20262000000230973,20262000000035001,Xiao Chuan Suo,,,,,2024-07-09 23:04:07,2024-09-12 15:21:10
20262000000230976,20262000000035001,Jacqueline Apostolopoulos,,,,,2024-07-09 23:04:07,2024-09-12 15:21:10
20262000000230979,20262000000035001,Xiaoshi Liu,,,,,2024-07-09 23:04:07,2024-09-12 15:21:10
20262000000230982,20262000000035001,Bevneil Saini,,,,,2024-07-09 23:04:07,2024-09-12 15:21:10
20262000000230985,20262000000035001,Jaewook (Jay) Park,,,,,2024-07-09 23:04:07,2024-09-12 15:21:10
20262000000230988,20262000000035001,Kien kee Chow,,,,,2024-07-09 23:04:07,2024-09-12 15:21:10
20262000000230991,20262000000035001,Ahmed Ibrahim,,,,,2024-07-09 23:04:07,2024-09-12 15:21:11
20262000000230994,20262000000035001,Ghassoub El Assaad,,,,,2024-07-09 23:04:07,2024-09-12 15:21:11
20262000000230997,20262000000035001,Alan Lewis,,,,,2024-07-09 23:04:07,2024-07-09 23:04:07
2.0262E+16,20262000000035001,Andrew Middlin,,,,,2024-07-09 23:04:07,2024-09-12 15:21:11
20262000000231003,20262000000035001,Islam (Sam) Hussein,,,,,2024-07-09 23:04:07,2024-09-12 15:21:11
20262000000231006,20262000000035001,Miriam Adib Selim Nicola,,,,,2024-07-09 23:04:07,2024-09-12 15:21:11
20262000000231009,20262000000035001,sam Armstrong,,,,,2024-07-09 23:04:07,2024-09-12 15:21:11
20262000000231012,20262000000035001,Bellambi Drive Thru Pharmacy,,,,,2024-07-09 23:04:07,2024-08-22 16:33:25
20262000000231015,20262000000035001,Jaspreet Singh,,,,,2024-07-09 23:04:07,2024-09-12 15:21:11
20262000000231018,20262000000035001,Hayder Sabri,,,,,2024-07-09 23:04:07,2024-09-12 15:21:11
20262000000231021,20262000000035001,Teresa Nguyen,,,,,2024-07-09 23:04:07,2024-09-12 15:21:11
20262000000231024,20262000000035001,Mustafa Nasrat Al Shakarji,,,,,2024-07-09 23:04:07,2024-09-12 15:21:11
20262000000231027,20262000000035001,Hayder Sabri,,,,,2024-07-09 23:04:07,2024-07-09 23:04:07
20262000000231030,20262000000035001,Cincotta Discount Chemist HARRISPARK,,,,,2024-07-09 23:04:07,2024-08-22 16:33:20
20262000000231033,20262000000035001,TerryWhite Chemmart Footscray,,,,,2024-07-09 23:04:07,2024-08-22 16:33:17
20262000000231036,20262000000035001,amany farghal,,,,,2024-07-09 23:04:07,2024-09-12 15:21:11
20262000000231039,20262000000035001,Yackandandah Pharmacy,,,,,2024-07-09 23:04:07,2024-08-22 16:33:13
20262000000231042,20262000000035001,Filip Dostal,,,,,2024-07-09 23:04:07,2024-09-12 15:21:11
20262000000231045,20262000000035001,Aussie Pharmacy Corrimal,,,,,2024-07-09 23:04:07,2024-08-22 16:33:08
20262000000231048,20262000000035001,Anthony Stone,,,,,2024-07-09 23:04:07,2024-09-12 15:21:11
20262000000231051,20262000000035001,Amcal Currumbin Fair,,,,,2024-07-09 23:04:07,2024-08-22 16:33:05
20262000000231054,20262000000035001,David Innis,,,,,2024-07-09 23:04:07,2024-09-12 15:21:11
20262000000231057,20262000000035001,Haytal Makadia,,,,,2024-07-09 23:04:07,2024-07-09 23:04:07
20262000000231060,20262000000035001,Vinod Imiya Arachchige Don,,,,,2024-07-09 23:04:07,2024-09-12 15:21:11
20262000000231063,20262000000035001,Cincotta Discount Chemist Wagga Wagga,,,,,2024-07-09 23:04:07,2024-08-22 16:33:04
20262000000231066,20262000000035001,Plus Pharmacy Cranebrook,,,,,2024-07-09 23:04:07,2024-08-22 16:33:19
20262000000231069,20262000000035001,Melanie Noakes,,,,,2024-07-09 23:04:07,2024-09-12 15:21:11
20262000000231072,20262000000035001,Kirsty-Tavia Wong,,,,,2024-07-09 23:04:07,2024-09-12 15:21:11
20262000000231075,20262000000035001,Elise Rogers,,,,,2024-07-09 23:04:07,2024-09-12 15:21:11
20262000000231078,20262000000035001,Ricky Meng Zhang,,,,,2024-07-09 23:04:07,2024-09-12 15:21:11
20262000000231081,20262000000035001,Randa Naguib,,,,,2024-07-09 23:04:07,2024-09-12 15:21:11
20262000000231084,20262000000035001,Mohammad Islam,,,,,2024-07-09 23:04:07,2024-07-09 23:04:07
20262000000231087,20262000000035001,Aqsa Rana,,,,,2024-07-09 23:04:07,2024-09-12 15:21:12
20262000000231090,20262000000035001,TERRYWHITE CHEMMART OLD REYNELLA,,,,,2024-07-09 23:04:07,2024-08-22 16:33:23
20262000000231093,20262000000035001,Discount Drug Stores,,,,,2024-07-09 23:04:07,2024-09-12 15:21:12
20262000000231096,20262000000035001,Wizard Pharmacy,,,,,2024-07-09 23:04:07,2024-09-12 15:21:12
20262000000231099,20262000000035001,Healthsave Pharmacy Benalla,,,,,2024-07-09 23:04:07,2024-08-22 16:33:15
20262000000231102,20262000000035001,Cate’s Chemist Garbutt,,,,,2024-07-09 23:04:07,2024-09-12 15:21:12
20262000000231105,20262000000035001,Bell Park Plaza Pharmacy,,,,,2024-07-09 23:04:07,2024-09-12 15:21:12
20262000000231108,20262000000035001,Aaron ching hei yuen,,,,,2024-07-09 23:04:07,2024-09-12 15:21:12
20262000000231111,20262000000035001,HASSAN ELGIZAWY,,,,,2024-07-09 23:04:07,2024-09-12 15:21:12
20262000000231114,20262000000035001,Barmera Pharmacy,,,,,2024-07-09 23:04:07,2024-08-22 16:33:08
20262000000231117,20262000000035001,Camberwell Local Pharmacy,,,,,2024-07-09 23:04:07,2024-08-22 16:32:58
20262000000231120,20262000000035001,Priceline Pharmacy Kincumber,,,,,2024-07-09 23:04:07,2024-08-22 16:33:17
20262000000231123,20262000000035001,Manal Mall,,,,,2024-07-09 23:04:07,2024-09-12 15:21:12
20262000000231126,20262000000035001,Fiona Florentina,,,,,2024-07-09 23:04:07,2024-09-12 15:21:12
20262000000231129,20262000000035001,Jessica Yoong,,,,,2024-07-09 23:04:07,2024-09-12 15:21:12
20262000000231132,20262000000035001,Shumaila khalid,,,,,2024-07-09 23:04:07,2024-09-12 15:21:12
20262000000231135,20262000000035001,Bahaa alrammahi,,,,,2024-07-09 23:04:07,2024-09-12 15:21:12
20262000000231138,20262000000035001,Mariam Massih,,,,,2024-07-09 23:04:07,2024-09-12 15:21:12
20262000000231141,20262000000035001,Aaron ching hei yuen,,,,,2024-07-09 23:04:07,2024-07-09 23:04:07
20262000000231144,20262000000035001,Abed al karim nasri Hazimeh,,,,,2024-07-09 23:04:07,2024-09-12 15:21:12
20262000000231147,20262000000035001,Ghaith Yako,,,,,2024-07-09 23:04:07,2024-09-12 15:21:12
20262000000231150,20262000000035001,Melody Mugari,,,,,2024-07-09 23:04:07,2024-09-12 15:21:12
20262000000231153,20262000000035001,Chi Ying Tan,,,,,2024-07-09 23:04:07,2024-09-12 15:21:12
20262000000231156,20262000000035001,Eloise Price,,,,,2024-07-09 23:04:07,2024-09-12 15:21:12
20262000000231159,20262000000035001,Aden Farah,,,,,2024-07-09 23:04:07,2024-09-12 15:21:12
20262000000231162,20262000000035001,Ashleigh Raulinaitis,,,,,2024-07-09 23:04:07,2024-09-12 15:21:12
20262000000231165,20262000000035001,Ngoc Diu Thi Phan,,,,,2024-07-09 23:04:07,2024-09-12 15:21:12
20262000000231168,20262000000035001,Yun Jeng Lim,,,,,2024-07-09 23:04:07,2024-09-12 15:21:12
20262000000231171,20262000000035001,Vi Anh Hoang,,,,,2024-07-09 23:04:07,2024-09-12 15:21:13
20262000000231174,20262000000035001,Jane Varughese,,,,,2024-07-09 23:04:07,2024-09-12 15:21:13
20262000000231177,20262000000035001,Peter Frost,,,,,2024-07-09 23:04:07,2024-09-12 15:21:13
20262000000231180,20262000000035001,Mirboo North Pharmacy,,,,,2024-07-09 23:04:07,2024-08-22 16:33:23
20262000000231183,20262000000035001,York Chiang,,,,,2024-07-09 23:04:07,2024-09-12 15:21:13
20262000000231186,20262000000035001,Basma Al-obaidi,,,,,2024-07-09 23:04:07,2024-09-12 15:21:13
20262000000231189,20262000000035001,Georgina Keys,,,,,2024-07-09 23:04:07,2024-09-12 15:21:13
20262000000231192,20262000000035001,Jimmy Lam,,,,,2024-07-09 23:04:07,2024-09-12 15:21:13
20262000000231195,20262000000035001,Jye Yee Chong,,,,,2024-07-09 23:04:07,2024-09-12 15:21:13
20262000000231198,20262000000035001,Naveed,,,,,2024-07-09 23:04:07,2024-09-12 15:21:13
20262000000231201,20262000000035001,Daniel Gabriel,,,,,2024-07-09 23:04:07,2024-09-12 15:21:13
20262000000231204,20262000000035001,Julie Nguyen,,,,,2024-07-09 23:04:07,2024-09-12 15:21:13
20262000000231207,20262000000035001,Eureka Medical Centre Pharmacy,,,,,2024-07-09 23:04:07,2024-07-09 23:04:07
20262000000231210,20262000000035001,Blooms the Chemist Essendon Clinic,,,,,2024-07-09 23:04:07,2024-08-22 16:33:22
20262000000231213,20262000000035001,Ling Siew Wong,,,,,2024-07-09 23:04:07,2024-09-12 15:21:13
20262000000231216,20262000000035001,Mina Nady Latif Sadek,,,,,2024-07-09 23:04:07,2024-09-12 15:21:13
20262000000231219,20262000000035001,Hui San Lee,,,,,2024-07-09 23:04:07,2024-09-12 15:21:13
20262000000231222,20262000000035001,Emma Sargent,,,,,2024-07-09 23:04:07,2024-09-12 15:21:13
20262000000231225,20262000000035001,Mohammad Jaber,,,,,2024-07-09 23:04:07,2024-09-12 15:21:13
20262000000231228,20262000000035001,Mylynn Tran,,,,,2024-07-09 23:04:07,2024-09-12 15:21:13
20262000000231231,20262000000035001,Iraq Doali,,,,,2024-07-09 23:04:07,2024-09-12 15:21:13
20262000000231234,20262000000035001,Alannah-claire Priddle,,,,,2024-07-09 23:04:07,2024-09-12 15:21:13
20262000000231237,20262000000035001,Melissa Foo,,,,,2024-07-09 23:04:07,2024-09-12 15:21:13
20262000000231240,20262000000035001,Benajmin Junor,,,,,2024-07-09 23:04:07,2024-09-12 15:21:13
20262000000231243,20262000000035001,Sa Cuu Huyen Nguyen,,,,,2024-07-09 23:04:07,2024-09-12 15:21:13
20262000000231246,20262000000035001,Mark Pouma Chantachak,,,,,2024-07-09 23:04:07,2024-09-12 15:21:13
20262000000231249,20262000000035001,Ka Ven Yap,,,,,2024-07-09 23:04:07,2024-09-12 15:21:14
20262000000231252,20262000000035001,Xin Mun Tan,,,,,2024-07-09 23:04:07,2024-09-12 15:21:14
20262000000231255,20262000000035001,Priceline Pharmacy Lismore,,,,,2024-07-09 23:04:07,2024-08-22 16:33:24
20262000000231258,20262000000035001,Cyd Charisse Santos Soriano,,,,,2024-07-09 23:04:07,2024-09-12 15:21:14
20262000000231261,20262000000035001,Chemist Discount Centre Richmond,,,,,2024-07-09 23:04:07,2024-08-22 16:32:58
20262000000231264,20262000000035001,Ross Mohamed,,,,,2024-07-09 23:04:07,2024-09-12 15:21:14
20262000000231267,20262000000035001,Nancy El-Miski,,,,,2024-07-09 23:04:07,2024-09-12 15:21:14
20262000000231270,20262000000035001,Israa Alshara,,,,,2024-07-09 23:04:07,2024-09-12 15:21:14
20262000000231273,20262000000035001,Shu Wei Hwang,,,,,2024-07-09 23:04:07,2024-09-12 15:21:14
20262000000231276,20262000000035001,Alex Jestin Puthenpurackal,,,,,2024-07-09 23:04:07,2024-09-12 15:21:14
20262000000231279,20262000000035001,Hampton Pharmacy,,,,,2024-07-09 23:04:07,2024-08-22 16:33:06
20262000000231282,20262000000035001,Anjhu Ramkhelawan,,,,,2024-07-09 23:04:07,2024-09-12 15:21:14
20262000000231285,20262000000035001,Marianne Frans,,,,,2024-07-09 23:04:07,2024-09-12 15:21:14
20262000000231288,20262000000035001,Ai-May Ong,,,,,2024-07-09 23:04:07,2024-09-12 15:21:14
20262000000231291,20262000000035001,Zhi Min Tiong,,,,,2024-07-09 23:04:07,2024-09-12 15:21:14
20262000000231294,20262000000035001,Marrie Joy Justo,,,,,2024-07-09 23:04:07,2024-09-12 15:21:14
20262000000231297,20262000000035001,Justin James Wilks,,,,,2024-07-09 23:04:07,2024-09-12 15:21:14
2.0262E+16,20262000000035001,Lisa Davis,,,,,2024-07-09 23:04:07,2024-09-12 15:21:14
20262000000231303,20262000000035001,LISHA ELIZABETH THOMAS,,,,,2024-07-09 23:04:07,2024-09-12 15:21:14
20262000000231306,20262000000035001,Renee Gold,,,,,2024-07-09 23:04:07,2024-09-12 15:21:15
20262000000231309,20262000000035001,Ersen (Wilson) Wu,,,,,2024-07-09 23:04:07,2024-09-12 15:21:15
20262000000231312,20262000000035001,Moira Lian,,,,,2024-07-09 23:04:07,2024-09-12 15:21:15
20262000000231315,20262000000035001,Sin yi nicky Chan,,,,,2024-07-09 23:04:07,2024-09-12 15:21:15
20262000000231318,20262000000035001,Thi Hoang Mai Do,,,,,2024-07-09 23:04:07,2024-09-12 15:21:15
20262000000231321,20262000000035001,Hui Wyn Khng,,,,,2024-07-09 23:04:07,2024-07-09 23:04:07
20262000000231324,20262000000035001,Sarath Velayudhan Pillai,,,,,2024-07-09 23:04:07,2024-09-12 15:21:15
20262000000231327,20262000000035001,Eslam Shaheen,,,,,2024-07-09 23:04:07,2024-09-12 15:21:15
20262000000231330,20262000000035001,Susan Masoso,,,,,2024-07-09 23:04:07,2024-09-12 15:21:15
20262000000231333,20262000000035001,Joshua David Luck,,,,,2024-07-09 23:04:07,2024-09-12 15:21:15
20262000000231336,20262000000035001,Wesley Williams,,,,,2024-07-09 23:04:07,2024-09-12 15:21:15
20262000000231339,20262000000035001,Rima Mallouk,,,,,2024-07-09 23:04:07,2024-09-12 15:21:15
20262000000231342,20262000000035001,Marisa Papacostas,,,,,2024-07-09 23:04:07,2024-09-12 15:21:15
20262000000231345,20262000000035001,Paul McAsey,,,,,2024-07-09 23:04:07,2024-09-12 15:21:15
20262000000231348,20262000000035001,Richard James Thorpe,,,,,2024-07-09 23:04:07,2024-09-12 15:21:15
20262000000231351,20262000000035001,Tak Ho Lo,,,,,2024-07-09 23:04:07,2024-09-12 15:21:15
20262000000231354,20262000000035001,Nicholas Kinsey,,,,,2024-07-09 23:04:07,2024-09-12 15:21:15
20262000000231357,20262000000035001,Priceline Pharmacy Springfield Orion,,,,,2024-07-09 23:04:07,2024-08-22 16:33:21
20262000000231360,20262000000035001,Mullein Wholefoods Pharmacy Springfield Lakes,,,,,2024-07-09 23:04:07,2024-08-22 16:33:11
20262000000231363,20262000000035001,Mullein Pharmacy Springfield Orion,,,,,2024-07-09 23:04:07,2024-08-22 16:33:02
20262000000231366,20262000000035001,Mullein Pharmacy Carseldine,,,,,2024-07-09 23:04:07,2024-09-12 15:21:15
20262000000231369,20262000000035001,Amanda Wong,,,,,2024-07-09 23:04:07,2024-09-12 15:21:15
20262000000231372,20262000000035001,Linda Nguyen,,,,,2024-07-09 23:04:07,2024-09-12 15:21:15
20262000000231375,20262000000035001,Divya Benny,,,,,2024-07-09 23:04:07,2024-09-12 15:21:15
20262000000231378,20262000000035001,Jolie Dennien,,,,,2024-07-09 23:04:07,2024-09-12 15:21:15
20262000000231381,20262000000035001,Pharmacy Guild Education / Pharmacy College,,,,,2024-07-09 23:04:07,2024-09-12 15:21:15
20262000000231384,20262000000035001,The Pharmacy Guild of Australia,,,,,2024-07-09 23:04:07,2024-09-12 15:21:15
20262000000231387,20262000000035001,Kimberly Wadyehwata,,,,,2024-07-09 23:04:07,2024-09-12 15:21:15
20262000000231390,20262000000035001,Kelsey Pugh,,,,,2024-07-09 23:04:07,2024-09-12 15:21:15
20262000000231393,20262000000035001,Kunj Kamlesh Dave,,,,,2024-07-09 23:04:07,2024-09-12 15:21:15
20262000000231396,20262000000035001,Marwa Abboud,,,,,2024-07-09 23:04:07,2024-09-12 15:21:16
20262000000231399,20262000000035001,TerryWhite Chemmart Manly Corso Pharmacy,,,,,2024-07-09 23:04:07,2024-08-22 16:33:07
20262000000231402,20262000000035001,Wen Qing Yeaw,,,,,2024-07-09 23:04:07,2024-09-12 15:21:16
20262000000231405,20262000000035001,Annie Au,,,,,2024-07-09 23:04:07,2024-09-12 15:21:16
20262000000231408,20262000000035001,Carmen Leong,,,,,2024-07-09 23:04:07,2024-09-12 15:21:16
20262000000231411,20262000000035001,Amanda Lairkina Brew,,,,,2024-07-09 23:04:07,2024-09-12 15:21:16
20262000000231414,20262000000035001,Michael Keegan,,,,,2024-07-09 23:04:07,2024-09-12 15:21:16
20262000000231417,20262000000035001,Mullein Wholefoods Pharmacy Mt Gravatt,,,,,2024-07-09 23:04:07,2024-08-22 16:33:14
20262000000231420,20262000000035001,Nhat Nguyen,,,,,2024-07-09 23:04:07,2024-09-12 15:21:16
20262000000231423,20262000000035001,Wen Kin Huang,,,,,2024-07-09 23:04:07,2024-09-12 15:21:16
20262000000231426,20262000000035001,Saumya Sritharan,,,,,2024-07-09 23:04:07,2024-09-12 15:21:16
20262000000231429,20262000000035001,Jodie Jackson,,,,,2024-07-09 23:04:07,2024-09-12 15:21:16
20262000000231432,20262000000035001,Nourhan Elzanati,,,,,2024-07-09 23:04:07,2024-09-12 15:21:16
20262000000231435,20262000000035001,Hui Lam,,,,,2024-07-09 23:04:07,2024-09-12 15:21:16
20262000000231438,20262000000035001,Anja Kako,,,,,2024-07-09 23:04:07,2024-09-12 15:21:16
20262000000231441,20262000000035001,Pharmaceutical Society of Australia Limited,,,,,2024-07-09 23:04:07,2024-09-12 15:21:16
20262000000231444,20262000000035001,SIGMA,,,,,2024-07-09 23:04:07,2024-09-12 15:21:16
20262000000231447,20262000000035001,Monash Uni - Pharmacy,,,,,2024-07-09 23:04:07,2024-09-12 15:21:16
20262000000231450,20262000000035001,American Pharmacists Association,,,,,2024-07-09 23:04:07,2024-09-12 15:21:16
20262000000231453,20262000000035001,Sydney University - Pharmacy,,,,,2024-07-09 23:04:07,2024-09-12 15:21:16
20262000000231456,20262000000035001,University of Queensland,,,,,2024-07-09 23:04:07,2024-07-09 23:04:07
20262000000231459,20262000000035001,Zahra Al-Awady,,,,,2024-07-09 23:04:07,2024-09-12 15:21:16
20262000000231462,20262000000035001,Aneeta Varkey,,,,,2024-07-09 23:04:07,2024-09-12 15:21:16
20262000000231465,20262000000035001,Julie Varkey,,,,,2024-07-09 23:04:07,2024-09-12 15:21:16
20262000000231468,20262000000035001,Shaje Mahmoodzad,,,,,2024-07-09 23:04:07,2024-09-12 15:21:16
20262000000231471,20262000000035001,Amanda Corso,,,,,2024-07-09 23:04:07,2024-09-12 15:21:16
20262000000231474,20262000000035001,South Rockhampton Advantage Pharmacy,,,,,2024-07-09 23:04:07,2024-08-22 16:33:22
20262000000231477,20262000000035001,Michel Athnasyous,,,,,2024-07-09 23:04:07,2024-09-12 15:21:16
20262000000231480,20262000000035001,Miaw Chin Cheng,,,,,2024-07-09 23:04:07,2024-09-12 15:21:16
20262000000231483,20262000000035001,Tinotenda Nyamunduru,,,,,2024-07-09 23:04:07,2024-09-12 15:21:17
20262000000231486,20262000000035001,Ardrossan Pharmacy,,,,,2024-07-09 23:04:07,2024-08-22 16:33:24
20262000000231489,20262000000035001,Fawkner Pharmacy,,,,,2024-07-09 23:04:07,2024-09-12 15:21:17
20262000000231492,20262000000035001,Marraboor Pharmacy,,,,,2024-07-09 23:04:07,2024-08-22 16:33:19
20262000000231495,20262000000035001,Albany Plaza Discount Drug Store,,,,,2024-07-09 23:04:07,2024-08-22 16:33:11
20262000000231498,20262000000035001,Sajad Mahmoud Hussai Hussain,,,,,2024-07-09 23:04:07,2024-09-12 15:21:17
20262000000231501,20262000000035001,Ali Haidar,,,,,2024-07-09 23:04:07,2024-09-12 15:21:17
20262000000231504,20262000000035001,Platform Alliance Group,,,,,2024-07-09 23:04:07,2024-09-12 15:21:17
20262000000231507,20262000000035001,Life Pharmacy Orange,,,,,2024-07-09 23:04:07,2024-08-22 16:33:21
20262000000231510,20262000000035001,Brassall Pharmacy,,,,,2024-07-09 23:04:07,2024-08-22 16:33:08
20262000000231513,20262000000035001,Oshani Pelpola Kankanamge,,,,,2024-07-09 23:04:07,2024-09-12 15:21:17
20262000000231516,20262000000035001,Kale Foley,,,,,2024-07-09 23:04:07,2024-09-12 15:21:17
20262000000231519,20262000000035001,Shuo Zhe Tiu,,,,,2024-07-09 23:04:07,2024-09-12 15:21:17
20262000000231522,20262000000035001,Farah Abdoh,,,,,2024-07-09 23:04:07,2024-09-12 15:21:17
20262000000231525,20262000000035001,Victoria Ling Fung Ip,,,,,2024-07-09 23:04:07,2024-09-12 15:21:17
20262000000231528,20262000000035001,Jack Antonios banob Bishay,,,,,2024-07-09 23:04:07,2024-09-12 15:21:17
20262000000231531,20262000000035001,Bunyip Pharmacy,,,,,2024-07-09 23:04:07,2024-08-22 16:33:07
20262000000231534,20262000000035001,Orana Pharmacy Albany,,,,,2024-07-09 23:04:07,2024-08-22 16:33:25
20262000000231537,20262000000035001,Chuin Khai Lim,,,,,2024-07-09 23:04:07,2024-09-12 15:21:17
20262000000231540,20262000000035001,Lena Mansour,,,,,2024-07-09 23:04:07,2024-09-12 15:21:17
20262000000231543,20262000000035001,Pooja Sharma,,,,,2024-07-09 23:04:07,2024-09-12 15:21:17
20262000000231546,20262000000035001,Mohsen Elsakka,,,,,2024-07-09 23:04:07,2024-09-12 15:21:17
20262000000231549,20262000000035001,Alliance Pharmacy - Hillarys Community Pharmacy,,,,,2024-07-09 23:04:07,2024-08-22 16:33:17
20262000000231552,20262000000035001,William Long,,,,,2024-07-09 23:04:07,2024-09-12 15:21:17
20262000000231555,20262000000035001,Rebecca Poly,,,,,2024-07-09 23:04:07,2024-07-09 23:04:07
20262000000231558,20262000000035001,Tamer Besada,,,,,2024-07-09 23:04:07,2024-09-12 15:21:17
20262000000231561,20262000000035001,Jiawen Thing,,,,,2024-07-09 23:04:07,2024-09-12 15:21:17
20262000000231564,20262000000035001,Beshoy Ezak,,,,,2024-07-09 23:04:07,2024-09-12 15:21:17
20262000000231567,20262000000035001,Arnold Hermiz,,,,,2024-07-09 23:04:07,2024-09-12 15:21:17
20262000000231570,20262000000035001,Angelo Jalili,,,,,2024-07-09 23:04:07,2024-09-12 15:21:17
20262000000231573,20262000000035001,Lilydale Amcal Pharmacy,,,,,2024-07-09 23:04:07,2024-08-22 16:33:23
20262000000231576,20262000000035001,Hart’s Pharmacy,,,,,2024-07-09 23:04:07,2024-09-12 15:21:17
20262000000231579,20262000000035001,Tamworth Discount Drugstore,,,,,2024-07-09 23:04:07,2024-08-22 16:33:25
20262000000231582,20262000000035001,SNEHA TOMY,,,,,2024-07-09 23:04:07,2024-09-12 15:21:17
20262000000231585,20262000000035001,Jonathan Chew,,,,,2024-07-09 23:04:07,2024-09-12 15:21:17
20262000000231588,20262000000035001,Tejaskumar Patel,,,,,2024-07-09 23:04:07,2024-09-12 15:21:17
20262000000231591,20262000000035001,Nikhil Jotsingani,,,,,2024-07-09 23:04:07,2024-09-12 15:21:17
20262000000231594,20262000000035001,Mark Reyad,,,,,2024-07-09 23:04:07,2024-09-12 15:21:17
20262000000231597,20262000000035001,Luke Vrankovich,,,,,2024-07-09 23:04:07,2024-09-12 15:21:17
2.0262E+16,20262000000035001,Kon Koy,,,,,2024-07-09 23:04:07,2024-07-09 23:04:07
20262000000231603,20262000000035001,Albert Cabrera-Yee,,,,,2024-07-09 23:04:07,2024-09-12 15:21:18
20262000000231606,20262000000035001,Yifang Zhu,,,,,2024-07-09 23:04:07,2024-09-12 15:21:18
20262000000231609,20262000000035001,Stephen Nguyen,,,,,2024-07-09 23:04:07,2024-09-12 15:21:18
20262000000231612,20262000000035001,Rosel Al-Khazragi,,,,,2024-07-09 23:04:07,2024-09-12 15:21:18
20262000000231615,20262000000035001,Fahd Elsharabasey,,,,,2024-07-09 23:04:07,2024-09-12 15:21:18
20262000000231618,20262000000035001,Hollie Lawlor,,,,,2024-07-09 23:04:07,2024-09-12 15:21:18
20262000000231621,20262000000035001,Riyas Kalathincheri,,,,,2024-07-09 23:04:07,2024-09-12 15:21:18
20262000000231624,20262000000035001,Annabelle Boyd,,,,,2024-07-09 23:04:07,2024-09-12 15:21:18
20262000000231627,20262000000035001,Vivian Hassan,,,,,2024-07-09 23:04:07,2024-09-12 15:21:18
20262000000231630,20262000000035001,Haidar Al abonajem,,,,,2024-07-09 23:04:07,2024-09-12 15:21:18
20262000000231633,20262000000035001,Labrador Chempro Chemist,,,,,2024-07-09 23:04:07,2024-08-22 16:33:11
20262000000231636,20262000000035001,Thanh Uyen Duong,,,,,2024-07-09 23:04:07,2024-09-12 15:21:18
20262000000231639,20262000000035001,Veronica Iadarola,,,,,2024-07-09 23:04:07,2024-09-12 15:21:19
20262000000231642,20262000000035001,Hong Jun Choi,,,,,2024-07-09 23:04:07,2024-09-12 15:21:19
20262000000231645,20262000000035001,Karen Cowlishaw,,,,,2024-07-09 23:04:07,2024-09-12 15:21:19
20262000000231648,20262000000035001,Kenneth Tiong,,,,,2024-07-09 23:04:07,2024-09-12 15:21:19
20262000000231651,20262000000035001,Khushbu Kalaria,,,,,2024-07-09 23:04:07,2024-09-12 15:21:19
20262000000231654,20262000000035001,Georgia Elizabeth Macauley,,,,,2024-07-09 23:04:07,2024-09-12 15:21:19
20262000000231657,20262000000035001,AFS Friendly Pharmacy Rockhampton (CQ FRIENDLY SOCIETY LTD),,,,,2024-07-09 23:04:07,2025-07-14 13:38:10
20262000000231660,20262000000035001,Sajida Kanwal,,,,,2024-07-09 23:04:07,2024-09-12 15:21:19
20262000000231663,20262000000035001,Elarya Beshai,,,,,2024-07-09 23:04:07,2024-09-12 15:21:19
20262000000231666,20262000000035001,Stanmore Station Pharmacy,,,,,2024-07-09 23:04:07,2024-08-22 16:33:14
20262000000231669,20262000000035001,Paul Kang,,,,,2024-07-09 23:04:07,2024-09-12 15:21:19
20262000000231672,20262000000035001,beshoy boules,,,,,2024-07-09 23:04:07,2024-09-12 15:21:19
20262000000231675,20262000000035001,Sahar Rizkalla,,,,,2024-07-09 23:04:07,2024-09-12 15:21:19
20262000000231678,20262000000035001,Hawthorn Rd Pharmacy,,,,,2024-07-09 23:04:07,2024-08-22 16:33:22
20262000000231681,20262000000035001,Rabia Siddique,,,,,2024-07-09 23:04:07,2024-09-12 15:21:19
20262000000231684,20262000000035001,Nkiruka Jesulola,,,,,2024-07-09 23:04:07,2024-09-12 15:21:19
20262000000231687,20262000000035001,Amanda Kah Mun Sek,,,,,2024-07-09 23:04:07,2024-09-12 15:21:19
20262000000231690,20262000000035001,Jessica McKenna,,,,,2024-07-09 23:04:07,2024-09-12 15:21:19
20262000000231693,20262000000035001,Jenny Oeung,,,,,2024-07-09 23:04:07,2024-09-12 15:21:19
20262000000231696,20262000000035001,Amira Adel Fahem Darwish,,,,,2024-07-09 23:04:07,2024-09-12 15:21:19
20262000000231699,20262000000035001,Mark Goodridge,,,,,2024-07-09 23:04:07,2024-09-12 15:21:19
20262000000231702,20262000000035001,Griffit Uni,,,,,2024-07-09 23:04:07,2024-09-12 15:21:19
20262000000231705,20262000000035001,Ada and Flynn Pharmacy,,,,,2024-07-09 23:04:07,2024-08-22 16:33:04
20262000000231708,20262000000035001,Yokine Pharmacy,,,,,2024-07-09 23:04:07,2024-08-22 16:33:25
20262000000231711,20262000000035001,Yokine Pharmacy,,,,,2024-07-09 23:04:07,2024-07-09 23:04:07
20262000000231714,20262000000035001,Ei Hui Wong,,,,,2024-07-09 23:04:07,2024-09-12 15:21:20
20262000000231717,20262000000035001,Stephen Nguyen,,,,,2024-07-09 23:04:07,2024-07-09 23:04:07
20262000000231720,20262000000035001,Julie Varkey,,,,,2024-07-09 23:04:07,2024-07-09 23:04:07
20262000000231723,20262000000035001,Gooding Drive Pharmacy,,,,,2024-07-09 23:04:07,2024-08-22 16:33:10
20262000000231726,20262000000035001,Westpoint Centre Pharmacy,,,,,2024-07-09 23:04:07,2024-08-22 16:33:01
20262000000231729,20262000000035001,Ramy Shawky Mortagy Shenouda,,,,,2024-07-09 23:04:07,2024-09-12 15:21:20
20262000000231732,20262000000035001,An Hoai Dao,,,,,2024-07-09 23:04:07,2024-09-12 15:21:20
20262000000231735,20262000000035001,Thomas Ho,,,,,2024-07-09 23:04:07,2024-09-12 15:21:20
20262000000231738,20262000000035001,Dong Nguyen,,,,,2024-07-09 23:04:07,2024-09-12 15:21:20
20262000000231741,20262000000035001,Craig Watson Soul Pattinson Chemist,,,,,2024-07-09 23:04:07,2024-08-22 16:33:20
20262000000231744,20262000000035001,Mary Elseoudy Habib Bendary,,,,,2024-07-09 23:04:07,2024-09-12 15:21:20
20262000000231747,20262000000035001,Joseph Fakhoury,,,,,2024-07-09 23:04:07,2024-09-12 15:21:20
20262000000231750,20262000000035001,Srabani Debnath,,,,,2024-07-09 23:04:07,2024-09-12 15:21:20
20262000000231753,20262000000035001,Evian Phan,,,,,2024-07-09 23:04:07,2024-09-12 15:21:20
20262000000231756,20262000000035001,Naveen Kumar,,,,,2024-07-09 23:04:07,2024-09-12 15:21:21
20262000000231759,20262000000035001,TerryWhite Chemmart Mont Albert,,,,,2024-07-09 23:04:07,2024-08-22 16:32:58
20262000000231762,20262000000035001,Georges hall pharmacy,,,,,2024-07-09 23:04:07,2024-08-22 16:33:19
20262000000231765,20262000000035001,Rebecca Johnston,,,,,2024-07-09 23:04:07,2024-09-12 15:21:21
20262000000231768,20262000000035001,Maria Younan,,,,,2024-07-09 23:04:07,2024-09-12 15:21:21
20262000000231771,20262000000035001,Joshua Brook,,,,,2024-07-09 23:04:07,2024-09-12 15:21:21
20262000000231774,20262000000035001,April Docherty,,,,,2024-07-09 23:04:07,2024-09-12 15:21:21
20262000000231777,20262000000035001,Priceline Pharmacy Marrickville,,,,,2024-07-09 23:04:07,2024-08-22 16:33:13
20262000000231780,20262000000035001,Priceline Pharmacy Eastgardens,,,,,2024-07-09 23:04:07,2024-08-22 16:33:21
20262000000231783,20262000000035001,Woolloomooloo Pharmacy,,,,,2024-07-09 23:04:07,2024-08-22 16:33:24
20262000000231786,20262000000035001,Mohamed Ismael,,,,,2024-07-09 23:04:07,2024-09-12 15:21:21
20262000000231789,20262000000035001,Damanpreet Sood,,,,,2024-07-09 23:04:07,2024-09-12 15:21:21
20262000000231792,20262000000035001,Harpreet Kaur,,,,,2024-07-09 23:04:07,2024-09-12 15:21:21
20262000000231795,20262000000035001,Roy Lee Hu,,,,,2024-07-09 23:04:07,2024-09-12 15:21:21
20262000000231798,20262000000035001,Meng Song,,,,,2024-07-09 23:04:07,2024-09-12 15:21:21
20262000000231801,20262000000035001,AHMED KADRY MOHAMED AHMED,,,,,2024-07-09 23:04:07,2024-09-12 15:21:21
20262000000231804,20262000000035001,Mrunalini Trivedi,,,,,2024-07-09 23:04:07,2024-09-12 15:21:21
20262000000231807,20262000000035001,Marian Garas,,,,,2024-07-09 23:04:07,2024-09-12 15:21:21
20262000000231810,20262000000035001,Chui-Peng Han,,,,,2024-07-09 23:04:07,2024-09-12 15:21:21
20262000000231813,20262000000035001,Cockatoo pharmacy,,,,,2024-07-09 23:04:07,2024-08-22 16:33:18
20262000000231816,20262000000035001,Cindy Ji,,,,,2024-07-09 23:04:07,2024-09-12 15:21:21
20262000000231819,20262000000035001,Asmaa Hassan,,,,,2024-07-09 23:04:07,2024-09-12 15:21:21
20262000000231822,20262000000035001,Remon Soliman,,,,,2024-07-09 23:04:07,2024-09-12 15:21:21
20262000000231825,20262000000035001,Nardin Iskander,,,,,2024-07-09 23:04:07,2024-09-12 15:21:21
20262000000231828,20262000000035001,Ahmed Taha,,,,,2024-07-09 23:04:07,2024-07-09 23:04:07
20262000000231831,20262000000035001,ABDUL Dalati,,,,,2024-07-09 23:04:07,2024-09-12 15:21:21
20262000000231834,20262000000035001,Raymon Mikhael,,,,,2024-07-09 23:04:07,2024-09-12 15:21:22
20262000000231837,20262000000035001,Russell Pepperell,,,,,2024-07-09 23:04:07,2024-09-12 15:21:22
20262000000231840,20262000000035001,Hui Peng,,,,,2024-07-09 23:04:07,2024-09-12 15:21:22
20262000000231843,20262000000035001,Blooms the chemist Erina,,,,,2024-07-09 23:04:07,2024-08-22 16:33:19
20262000000231846,20262000000035001,Westpoint Centre Pharmacy,,,,,2024-07-09 23:04:07,2024-07-09 23:04:07
20262000000231849,20262000000035001,United Chemists Kirwan,,,,,2024-07-09 23:04:07,2024-08-22 16:33:18
20262000000231852,20262000000035001,Ekjot Singh Kalra,,,,,2024-07-09 23:04:07,2024-09-12 15:21:22
20262000000231855,20262000000035001,Loganholme Village Chempro Chemist,,,,,2024-07-09 23:04:07,2024-08-22 16:33:14
20262000000231858,20262000000035001,H H Khaled Kabir,,,,,2024-07-09 23:04:07,2024-09-12 15:21:22
20262000000231861,20262000000035001,Parisa younessi,,,,,2024-07-09 23:04:07,2024-09-12 15:21:22
20262000000231864,20262000000035001,Mohamed Mubarak,,,,,2024-07-09 23:04:07,2024-09-12 15:21:22
20262000000231867,20262000000035001,Wai Meng Chan,,,,,2024-07-09 23:04:07,2024-09-12 15:21:22
20262000000231870,20262000000035001,Bhumikaben Patel,,,,,2024-07-09 23:04:07,2024-09-12 15:21:22
20262000000231873,20262000000035001,Han Yin Gho,,,,,2024-07-09 23:04:07,2024-09-12 15:21:22
20262000000231876,20262000000035001,Wael Yusif,,,,,2024-07-09 23:04:07,2024-07-09 23:04:07
20262000000231879,20262000000035001,Digna Dipakkumar Patel,,,,,2024-07-09 23:04:07,2024-09-12 15:21:23
20262000000231882,20262000000035001,Fui Ting Yee,,,,,2024-07-09 23:04:07,2024-09-12 15:21:23
20262000000231885,20262000000035001,MARUTHI GUDDEMANE,,,,,2024-07-09 23:04:07,2024-09-12 15:21:23
20262000000231888,20262000000035001,vassilios hatzipantazis,,,,,2024-07-09 23:04:07,2024-09-12 15:21:23
20262000000231891,20262000000035001,Steven Roman,,,,,2024-07-09 23:04:07,2024-09-12 15:21:23
20262000000231894,20262000000035001,Oluwadamilola Aibinu,,,,,2024-07-09 23:04:07,2024-09-12 15:21:23
20262000000231897,20262000000035001,Phuong Linh Dao,,,,,2024-07-09 23:04:07,2024-09-12 15:21:23
2.0262E+16,20262000000035001,Chloe Tobin,,,,,2024-07-09 23:04:07,2024-09-12 15:21:23
20262000000231903,20262000000035001,Rami Edward,,,,,2024-07-09 23:04:07,2024-09-12 15:21:23
20262000000231906,20262000000035001,Vilsuben Patel,,,,,2024-07-09 23:04:07,2024-09-12 15:21:23
20262000000231909,20262000000035001,Les Aoun,,,,,2024-07-09 23:04:07,2024-09-12 15:21:23
20262000000231912,20262000000035001,Alice Perrott,,,,,2024-07-09 23:04:07,2024-09-12 15:21:23
20262000000231915,20262000000035001,Brendan Pham,,,,,2024-07-09 23:04:07,2024-09-12 15:21:23
20262000000231918,20262000000035001,Prasin Rodrigues,,,,,2024-07-09 23:04:07,2024-09-12 15:21:23
20262000000231921,20262000000035001,luke wale,,,,,2024-07-09 23:04:07,2024-09-12 15:21:23
20262000000231924,20262000000035001,Abdullah Jaafar,,,,,2024-07-09 23:04:07,2024-09-12 15:21:23
20262000000231927,20262000000035001,Hyeyeon Jin,,,,,2024-07-09 23:04:07,2024-09-12 15:21:23
20262000000231930,20262000000035001,Mansfield Pharmacy,,,,,2024-07-09 23:04:07,2024-08-22 16:33:07
20262000000231933,20262000000035001,Maria Power,,,,,2024-07-09 23:04:07,2024-09-12 15:21:23
20262000000231936,20262000000035001,Amit Soni,,,,,2024-07-09 23:04:07,2024-09-12 15:21:23
20262000000231939,20262000000035001,Kathryn Dean,,,,,2024-07-09 23:04:07,2024-09-12 15:21:23
20262000000231942,20262000000035001,Tina Fisher,,,,,2024-07-09 23:04:07,2024-09-12 15:21:23
20262000000231945,20262000000035001,Mangok Mangok,,,,,2024-07-09 23:04:07,2024-09-12 15:21:23
20262000000231948,20262000000035001,Blooms the chemist Saratoga,,,,,2024-07-09 23:04:07,2024-08-22 16:33:01
20262000000231951,20262000000035001,Chidlow Pharmacy,,,,,2024-07-09 23:04:07,2024-08-22 16:33:16
20262000000231954,20262000000035001,Tara Pharmacy,,,,,2024-07-09 23:04:07,2024-08-22 16:33:24
20262000000231957,20262000000035001,Priceline Pharmacy Byford,,,,,2024-07-09 23:04:07,2024-08-22 16:33:20
20262000000231960,20262000000035001,Michael Stimpson,,,,,2024-07-09 23:04:07,2024-09-12 15:21:23
20262000000231963,20262000000035001,Sanjit Gurung,,,,,2024-07-09 23:04:07,2024-09-12 15:21:23
20262000000231966,20262000000035001,David Stephenson,,,,,2024-07-09 23:04:07,2024-09-12 15:21:23
20262000000231969,20262000000035001,Tam Nguyen,,,,,2024-07-09 23:04:07,2024-09-12 15:21:23
20262000000231972,20262000000035001,Magnus Jian Ming Chan,,,,,2024-07-09 23:04:07,2024-09-12 15:21:23
20262000000231975,20262000000035001,Jack Blanchard,,,,,2024-07-09 23:04:07,2024-09-12 15:21:24
20262000000231978,20262000000035001,Jason Tang,,,,,2024-07-09 23:04:07,2024-09-12 15:21:24
20262000000231981,20262000000035001,Constantinos Logothetis,,,,,2024-07-09 23:04:07,2024-09-12 15:21:24
20262000000231984,20262000000035001,Michelle Tan,,,,,2024-07-09 23:04:07,2024-09-12 15:21:24
20262000000231987,20262000000035001,Anna Huynh-Le,,,,,2024-07-09 23:04:07,2024-09-12 15:21:24
20262000000231990,20262000000035001,Antonella Rupa,,,,,2024-07-09 23:04:07,2024-09-12 15:21:24
20262000000231993,20262000000035001,Star Discount Chemist Dolls Point,,,,,2024-07-09 23:04:07,2024-08-22 16:33:07
20262000000231996,20262000000035001,Dunsborough Pharmacy,,,,,2024-07-09 23:04:07,2024-08-22 16:33:11
20262000000231999,20262000000035001,TerryWhite Chemmart Armadale,,,,,2024-07-09 23:04:07,2024-08-22 16:33:14
20262000000232002,20262000000035001,Colin Brisbane,,,,,2024-07-09 23:04:07,2024-09-12 15:21:24
20262000000232005,20262000000035001,Madeleine Ward,,,,,2024-07-09 23:04:07,2024-09-12 15:21:25
20262000000232008,20262000000035001,Sarah Mohamed Mahmoud Abdelaziz,,,,,2024-07-09 23:04:07,2024-09-12 15:21:25
20262000000232011,20262000000035001,Scott Ashby,,,,,2024-07-09 23:04:07,2024-09-12 15:21:25
20262000000232014,20262000000035001,New Lambton Pharmacy,,,,,2024-07-09 23:04:07,2024-08-22 16:33:19
20262000000232017,20262000000035001,Chemist Discount Centre Morley,,,,,2024-07-09 23:04:07,2024-08-22 16:33:17
20262000000232020,20262000000035001,Toan Nguyen,,,,,2024-07-09 23:04:07,2024-09-12 15:21:25
20262000000232023,20262000000035001,Istvan Czehmester,,,,,2024-07-09 23:04:07,2024-09-12 15:21:25
20262000000232026,20262000000035001,Tanya Vu,,,,,2024-07-09 23:04:07,2024-09-12 15:21:25
20262000000232029,20262000000035001,Cincotta Penrith,,,,,2024-07-09 23:04:07,2024-08-22 16:33:22
20262000000232032,20262000000035001,Ee Shin Yu,,,,,2024-07-09 23:04:07,2024-07-09 23:04:07
20262000000232035,20262000000035001,Roger Martin,,,,,2024-07-09 23:04:07,2024-09-12 15:21:25
20262000000232038,20262000000035001,Erini Abdelmessih,,,,,2024-07-09 23:04:07,2024-09-12 15:21:25
20262000000232041,20262000000035001,Carmina Lao,,,,,2024-07-09 23:04:07,2024-09-12 15:21:25
20262000000232044,20262000000035001,Rami Fanous,,,,,2024-07-09 23:04:07,2024-09-12 15:21:25
20262000000232047,20262000000035001,Crystal Katuri,,,,,2024-07-09 23:04:07,2024-09-12 15:21:25
20262000000232050,20262000000035001,Claire Stevenson,,,,,2024-07-09 23:04:07,2024-09-12 15:21:25
20262000000232053,20262000000035001,Raad Al-janaby,,,,,2024-07-09 23:04:07,2024-09-12 15:21:25
20262000000232056,20262000000035001,Western Plains Pharmacy,,,,,2024-07-09 23:04:07,2024-08-22 16:33:10
20262000000232059,20262000000035001,Natalie Low,,,,,2024-07-09 23:04:07,2024-09-12 15:21:25
20262000000232062,20262000000035001,Roisin Chu,,,,,2024-07-09 23:04:07,2024-09-12 15:21:25
20262000000232065,20262000000035001,Ting Ting Xiang,,,,,2024-07-09 23:04:07,2024-09-12 15:21:25
20262000000232068,20262000000035001,maree mitcham,,,,,2024-07-09 23:04:07,2024-09-12 15:21:25
20262000000232071,20262000000035001,MD TARIQUL ISLAM,,,,,2024-07-09 23:04:07,2024-09-12 15:21:25
20262000000232074,20262000000035001,Hyatt Assafiri,,,,,2024-07-09 23:04:07,2024-09-12 15:21:25
20262000000232077,20262000000035001,Michael Rosenblum,,,,,2024-07-09 23:04:07,2024-09-12 15:21:25
20262000000232080,20262000000035001,Amr Elbermawy,,,,,2024-07-09 23:04:07,2024-09-12 15:21:25
20262000000232083,20262000000035001,Prem Lal,,,,,2024-07-09 23:04:07,2024-09-12 15:21:25
20262000000232086,20262000000035001,Texas Pharmacy,,,,,2024-07-09 23:04:07,2024-08-22 16:33:24
20262000000232089,20262000000035001,Narregate,,,,,2024-07-09 23:04:07,2024-09-12 15:21:25
20262000000232092,20262000000035001,Inglewood Pharmacy,,,,,2024-07-09 23:04:07,2024-08-22 16:33:04
20262000000232095,20262000000035001,M. Hanna Pharmacy,,,,,2024-07-09 23:04:07,2024-08-22 16:33:18
20262000000232098,20262000000035001,Farahnaz Ghafari,,,,,2024-07-09 23:04:07,2024-09-12 15:21:26
20262000000232101,20262000000035001,Stacey Cilemanoff,,,,,2024-07-09 23:04:07,2024-09-12 15:21:26
20262000000232104,20262000000035001,Fivian Yamane Gebru,,,,,2024-07-09 23:04:07,2024-09-12 15:21:26
20262000000232107,20262000000035001,Jhoe Legaspi,,,,,2024-07-09 23:04:07,2024-09-12 15:21:26
20262000000232110,20262000000035001,Irfan Haider,,,,,2024-07-09 23:04:07,2024-09-12 15:21:26
20262000000232113,20262000000035001,Jerry Yik,,,,,2024-07-09 23:04:07,2024-09-12 15:21:26
20262000000232116,20262000000035001,Ashraf Elsayed,,,,,2024-07-09 23:04:07,2024-09-12 15:21:26
20262000000232119,20262000000035001,Jagdeep Sandhu,,,,,2024-07-09 23:04:07,2024-09-12 15:21:26
20262000000232122,20262000000035001,Udoka Enede,,,,,2024-07-09 23:04:07,2024-09-12 15:21:26
20262000000232125,20262000000035001,Ikhtiyar Khodjaev,,,,,2024-07-09 23:04:07,2024-09-12 15:21:26
20262000000232128,20262000000035001,Boyup Brook Pharmacy,,,,,2024-07-09 23:04:07,2024-08-22 16:33:20
20262000000232131,20262000000035001,Ramez Salib,,,,,2024-07-09 23:04:07,2024-09-12 15:21:26
20262000000232134,20262000000035001,Jonathon Tselepis,,,,,2024-07-09 23:04:07,2024-09-12 15:21:26
20262000000232137,20262000000035001,Youssef Edward,,,,,2024-07-09 23:04:07,2024-09-12 15:21:26
20262000000232140,20262000000035001,palm beach pharmacy,,,,,2024-07-09 23:04:07,2024-08-22 16:33:23
20262000000232143,20262000000035001,Emily Biddiscombe,,,,,2024-07-09 23:04:07,2024-09-12 15:21:26
20262000000232146,20262000000035001,Jacky Kit Wah Man,,,,,2024-07-09 23:04:07,2024-09-12 15:21:26
20262000000232149,20262000000035001,Sally Tolba,,,,,2024-07-09 23:04:07,2024-09-12 15:21:26
20262000000232152,20262000000035001,Narromine Pharmacy,,,,,2024-07-09 23:04:07,2024-08-22 16:32:58
20262000000232155,20262000000035001,Raymond Truong,,,,,2024-07-09 23:04:07,2024-09-12 15:21:26
20262000000232158,20262000000035001,Michael O'Donnell,,,,,2024-07-09 23:04:07,2024-09-12 15:21:26
20262000000232161,20262000000035001,Christian Roennfeldt,,,,,2024-07-09 23:04:07,2024-09-12 15:21:26
20262000000232164,20262000000035001,Vermont South Pharmacy,,,,,2024-07-09 23:04:07,2024-08-22 16:33:00
20262000000232167,20262000000035001,Dapinder Paul Singh Nijjar,,,,,2024-07-09 23:04:07,2024-09-12 15:21:26
20262000000232170,20262000000035001,mount eliza pharmacy,,,,,2024-07-09 23:04:07,2024-08-22 16:33:05
20262000000232173,20262000000035001,Timothy Moar,,,,,2024-07-09 23:04:07,2024-09-12 15:21:26
20262000000232176,20262000000035001,Matthew Liew,,,,,2024-07-09 23:04:07,2024-09-12 15:21:26
20262000000232179,20262000000035001,Portarlington Pharmacy,,,,,2024-07-09 23:04:07,2024-08-22 16:33:03
20262000000232182,20262000000035001,Simply Pharmacy Toronto,,,,,2024-07-09 23:04:07,2024-08-22 16:33:23
20262000000232185,20262000000035001,Ching siew Chang,,,,,2024-07-09 23:04:07,2024-09-12 15:21:26
20262000000232188,20262000000035001,Jaemin Kim,,,,,2024-07-09 23:04:07,2024-09-12 15:21:26
20262000000232191,20262000000035001,Farnaz Devlaliwalla,,,,,2024-07-09 23:04:07,2024-09-12 15:21:26
20262000000232194,20262000000035001,Pascale Dettwiller,,,,,2024-07-09 23:04:07,2024-09-12 15:21:26
20262000000232197,20262000000035001,Nader Saweris,,,,,2024-07-09 23:04:07,2024-09-12 15:21:26
2.0262E+16,20262000000035001,Matthew Wehl,,,,,2024-07-09 23:04:07,2024-09-12 15:21:26
20262000000232203,20262000000035001,Benjamin Huynh,,,,,2024-07-09 23:04:07,2024-09-12 15:21:26
20262000000232206,20262000000035001,Ariane Youssif,,,,,2024-07-09 23:04:07,2024-09-12 15:21:27
20262000000232209,20262000000035001,Rimon Soliman,,,,,2024-07-09 23:04:07,2024-09-12 15:21:27
20262000000232212,20262000000035001,Glengala Road Pharmacy,,,,,2024-07-09 23:04:07,2024-08-22 16:33:04
20262000000232215,20262000000035001,Your Discount Chemist Griffith,,,,,2024-07-09 23:04:07,2024-08-22 16:33:20
20262000000232218,20262000000035001,Jessica Flood,,,,,2024-07-09 23:04:07,2024-09-12 15:21:27
20262000000232221,20262000000035001,Priceline Amaroo,,,,,2024-07-09 23:04:07,2024-09-12 15:21:27
20262000000232224,20262000000035001,Priceline Gowrie,,,,,2024-07-09 23:04:07,2024-08-22 16:33:10
20262000000232227,20262000000035001,RAZIEH TAHMASEBI SARVESTANI,,,,,2024-07-09 23:04:07,2024-09-12 15:21:27
20262000000232230,20262000000035001,Your Discount Chemist Tuggeranong,,,,,2024-07-09 23:04:07,2024-08-22 16:33:16
20262000000232233,20262000000035001,Nathalka Sakalo,,,,,2024-07-09 23:04:07,2024-09-12 15:21:27
20262000000232236,20262000000035001,Enya Lutze,,,,,2024-07-09 23:04:07,2024-09-12 15:21:27
20262000000232239,20262000000035001,Blooms The Chemist Mudgee,,,,,2024-07-09 23:04:07,2024-08-22 16:33:01
20262000000232242,20262000000035001,Direct Chemist Outlet - Caulfield Village,,,,,2024-07-09 23:04:07,2024-08-22 16:33:00
20262000000232245,20262000000035001,Hui Tze Tan,,,,,2024-07-09 23:04:07,2024-09-12 15:21:27
20262000000232248,20262000000035001,Bhautikkumar Kanubha Patel,,,,,2024-07-09 23:04:07,2024-09-12 15:21:27
20262000000232251,20262000000035001,Daniel Galanos,,,,,2024-07-09 23:04:07,2024-09-12 15:21:27
20262000000232254,20262000000035001,Ahmed AHMED,,,,,2024-07-09 23:04:07,2024-09-12 15:21:27
20262000000232257,20262000000035001,Your Discount Chemist Greenacre,,,,,2024-07-09 23:04:07,2024-08-22 16:32:58
20262000000232260,20262000000035001,Samar Elsayed,,,,,2024-07-09 23:04:07,2024-09-12 15:21:27
20262000000232263,20262000000035001,Marlin Coast Amcal Pharmacy,,,,,2024-07-09 23:04:07,2024-08-22 16:33:09
20262000000232266,20262000000035001,Sandhya Rani Nagabhairava,,,,,2024-07-09 23:04:07,2024-09-12 15:21:27
20262000000232269,20262000000035001,Kirsty Danielle Sibley,,,,,2024-07-09 23:04:07,2024-09-12 15:21:27
20262000000232272,20262000000035001,Sharie Borellini,,,,,2024-07-09 23:04:07,2024-09-12 15:21:27
20262000000232275,20262000000035001,Cummins Pharmacy,,,,,2024-07-09 23:04:07,2024-08-22 16:32:59
20262000000232278,20262000000035001,Nicholas Taranto,,,,,2024-07-09 23:04:07,2024-09-12 15:21:27
20262000000232281,20262000000035001,Tania Weinmann,,,,,2024-07-09 23:04:07,2024-09-12 15:21:27
20262000000232284,20262000000035001,Felix Pakravan,,,,,2024-07-09 23:04:07,2024-09-12 15:21:27
20262000000232287,20262000000035001,Peta Bennett,,,,,2024-07-09 23:04:07,2024-09-12 15:21:27
20262000000232290,20262000000035001,Mr Vishal,,,,,2024-07-09 23:04:07,2024-09-12 15:21:27
20262000000232293,20262000000035001,Joseph Yossef,,,,,2024-07-09 23:04:07,2024-09-12 15:21:27
20262000000232296,20262000000035001,Haseeb Ahsan,,,,,2024-07-09 23:04:07,2024-09-12 15:21:27
20262000000232299,20262000000035001,Sofia Ong,,,,,2024-07-09 23:04:07,2024-09-12 15:21:27
20262000000232302,20262000000035001,Gurman Goomber,,,,,2024-07-09 23:04:07,2024-09-12 15:21:27
20262000000232305,20262000000035001,Mujtaba Khan,,,,,2024-07-09 23:04:07,2024-09-12 15:21:27
20262000000232308,20262000000035001,Nicola Carey,,,,,2024-07-09 23:04:07,2024-09-12 15:21:27
20262000000232311,20262000000035001,Suzie Gergis,,,,,2024-07-09 23:04:07,2024-09-12 15:21:27
20262000000232314,20262000000035001,Christina Guirguis,,,,,2024-07-09 23:04:07,2024-09-12 15:21:27
20262000000232317,20262000000035001,Harbinder Singh Cheema,,,,,2024-07-09 23:04:07,2024-09-12 15:21:27
20262000000232320,20262000000035001,Fatemeh Hashemi,,,,,2024-07-09 23:04:07,2024-07-09 23:04:07
20262000000232323,20262000000035001,Yiu Chung,,,,,2024-07-09 23:04:07,2024-09-12 15:21:28
20262000000232326,20262000000035001,Grampians Pharmacy,,,,,2024-07-09 23:04:07,2024-08-22 16:33:15
20262000000232329,20262000000035001,Charles Lai,,,,,2024-07-09 23:04:07,2024-09-12 15:21:28
20262000000232332,20262000000035001,Kesiya Mithun Abraham,,,,,2024-07-09 23:04:07,2024-09-12 15:21:28
20262000000232335,20262000000035001,Yan Min Liow,,,,,2024-07-09 23:04:07,2024-09-12 15:21:28
20262000000232338,20262000000035001,Md Jinnat Parvez,,,,,2024-07-09 23:04:07,2024-09-12 15:21:28
20262000000232341,20262000000035001,North Hobart Pharmacy,,,,,2024-07-09 23:04:07,2024-08-22 16:33:23
20262000000232344,20262000000035001,Davey Street Discount Pharmacy,,,,,2024-07-09 23:04:07,2024-08-22 16:33:24
20262000000232347,20262000000035001,Mina Rofail,,,,,2024-07-09 23:04:07,2024-09-12 15:21:28
20262000000232350,20262000000035001,Mona Jalili,,,,,2024-07-09 23:04:07,2024-09-12 15:21:28
20262000000232353,20262000000035001,Shereen Mosa,,,,,2024-07-09 23:04:07,2024-09-12 15:21:28
20262000000232356,20262000000035001,Amcal Pharmacy Berri,,,,,2024-07-09 23:04:07,2024-08-22 16:33:08
20262000000232359,20262000000035001,Hao Vu,,,,,2024-07-09 23:04:07,2024-09-12 15:21:28
20262000000232362,20262000000035001,Nabil Tamer,,,,,2024-07-09 23:04:07,2024-09-12 15:21:28
20262000000232365,20262000000035001,Hui Min Lim,,,,,2024-07-09 23:04:07,2024-09-12 15:21:28
20262000000232368,20262000000035001,VIKRAM BHASKARCHANDR patel,,,,,2024-07-09 23:04:07,2024-09-12 15:21:28
20262000000232371,20262000000035001,Blooms The Chemist Young,,,,,2024-07-09 23:04:07,2024-08-22 16:33:12
20262000000232374,20262000000035001,Wubshet Tesfaye,,,,,2024-07-09 23:04:07,2024-09-12 15:21:28
20262000000232377,20262000000035001,parveen kaur gill,,,,,2024-07-09 23:04:07,2024-09-12 15:21:28
20262000000232380,20262000000035001,Hyuk Sung Kwon,,,,,2024-07-09 23:04:07,2024-09-12 15:21:29
20262000000232383,20262000000035001,Jenny Phillips,,,,,2024-07-09 23:04:07,2024-09-12 15:21:29
20262000000232386,20262000000035001,Bhavya Boreddy,,,,,2024-07-09 23:04:07,2024-09-12 15:21:29
20262000000232389,20262000000035001,Jack Janetzki,,,,,2024-07-09 23:04:07,2024-09-12 15:21:29
20262000000232392,20262000000035001,Ramy Gharabawy,,,,,2024-07-09 23:04:07,2024-09-12 15:21:29
20262000000232395,20262000000035001,Mehran Modasser,,,,,2024-07-09 23:04:07,2024-09-12 15:21:29
20262000000232398,20262000000035001,Gap Road Pharmacy,,,,,2024-07-09 23:04:07,2024-08-22 16:33:16
20262000000232401,20262000000035001,Opeoluwa Samson Aladetoyinbo,,,,,2024-07-09 23:04:07,2024-09-12 15:21:29
20262000000232404,20262000000035001,Mt Eliza Pharmacy@Ritchies Village,,,,,2024-07-09 23:04:07,2024-08-22 16:32:58
20262000000232407,20262000000035001,KAREEM Elnakeeb,,,,,2024-07-09 23:04:07,2024-09-12 15:21:29
20262000000232410,20262000000035001,New Norfolk Pharmacy,,,,,2024-07-09 23:04:07,2024-08-22 16:33:25
20262000000232413,20262000000035001,Michael Sutton,,,,,2024-07-09 23:04:07,2024-09-12 15:21:29
20262000000232416,20262000000035001,Si Chung Ng,,,,,2024-07-09 23:04:07,2024-09-12 15:21:29
20262000000232419,20262000000035001,Anjaly Vellampel,,,,,2024-07-09 23:04:07,2024-09-12 15:21:29
20262000000232422,20262000000035001,Jessica Chapman-Goetz,,,,,2024-07-09 23:04:07,2024-09-12 15:21:29
20262000000232425,20262000000035001,Rohit Kamboj,,,,,2024-07-09 23:04:07,2024-09-12 15:21:29
20262000000232428,20262000000035001,Boonah Pharmacy,,,,,2024-07-09 23:04:07,2024-08-22 16:33:09
20262000000232431,20262000000035001,Blooms The Chemist Ballarat North,,,,,2024-07-09 23:04:07,2024-08-22 16:33:01
20262000000232434,20262000000035001,Sanika Ekbote,,,,,2024-07-09 23:04:07,2024-09-12 15:21:29
20262000000232437,20262000000035001,Fatima Al-Doukhi,,,,,2024-07-09 23:04:07,2024-09-12 15:21:29
20262000000232440,20262000000035001,Lucy Yang,,,,,2024-07-09 23:04:07,2024-09-12 15:21:29
20262000000232443,20262000000035001,Hassan Fares,,,,,2024-07-09 23:04:07,2024-09-12 15:21:29
20262000000232446,20262000000035001,Hussain Al abonajem,,,,,2024-07-09 23:04:07,2024-09-12 15:21:29
20262000000232449,20262000000035001,TerryWhite Chemmart Stafford,,,,,2024-07-09 23:04:07,2024-08-22 16:33:01
20262000000232452,20262000000035001,Viktoria Andric,,,,,2024-07-09 23:04:07,2024-09-12 15:21:30
20262000000232455,20262000000035001,Steven Homer Caris,,,,,2024-07-09 23:04:07,2024-09-12 15:21:30
20262000000232458,20262000000035001,Priceline Pharmacy Nowra,,,,,2024-07-09 23:04:07,2024-08-22 16:33:21
20262000000232461,20262000000035001,Gabrielle Grace Vidakovic,,,,,2024-07-09 23:04:07,2024-09-12 15:21:30
20262000000232464,20262000000035001,Walgett pharmacy,,,,,2024-07-09 23:04:07,2024-08-22 16:33:03
20262000000232467,20262000000035001,Mark Douglass,,,,,2024-07-09 23:04:07,2024-09-12 15:21:30
20262000000232470,20262000000035001,Dalwin Wilson,,,,,2024-07-09 23:04:07,2024-09-12 15:21:30
20262000000232473,20262000000035001,Rebecca Baker,,,,,2024-07-09 23:04:07,2024-09-12 15:21:30
20262000000232476,20262000000035001,Benson Koshy,,,,,2024-07-09 23:04:07,2024-09-12 15:21:30
20262000000232479,20262000000035001,Priceline Pharmacy Ashfield,,,,,2024-07-09 23:04:07,2024-08-22 16:33:16
20262000000232482,20262000000035001,Jennifer Proudford-Brown,,,,,2024-07-09 23:04:07,2024-09-12 15:21:30
20262000000232485,20262000000035001,Iris Visnjic,,,,,2024-07-09 23:04:07,2024-09-12 15:21:30
20262000000232488,20262000000035001,Pharmacy 777 Hilton,,,,,2024-07-09 23:04:07,2024-08-22 16:33:13
20262000000232491,20262000000035001,Priceline Pharmacy Mt Druitt,,,,,2024-07-09 23:04:07,2024-08-22 16:33:19
20262000000232494,20262000000035001,Jennifer Proudford-Brown,,,,,2024-07-09 23:04:07,2024-07-09 23:04:07
20262000000232497,20262000000035001,Hasini Ilangaratne,,,,,2024-07-09 23:04:07,2024-07-09 23:04:07
2.0262E+16,20262000000035001,Ilavathana Mayalagan,,,,,2024-07-09 23:04:07,2024-09-12 15:21:30
20262000000232503,20262000000035001,Huy Long Nguyen,,,,,2024-07-09 23:04:07,2024-09-12 15:21:30
20262000000232506,20262000000035001,Jocelyn Morgan,,,,,2024-07-09 23:04:07,2024-09-12 15:21:30
20262000000232509,20262000000035001,Pharmacy 4 Less Geelong West,,,,,2024-07-09 23:04:07,2024-08-22 16:33:21
20262000000232512,20262000000035001,Carlene Ngoma,,,,,2024-07-09 23:04:07,2024-09-12 15:21:30
20262000000232515,20262000000035001,Cassandra Sarju,,,,,2024-07-09 23:04:07,2024-09-12 15:21:30
20262000000232518,20262000000035001,Caroline Saleh,,,,,2024-07-09 23:04:07,2024-09-12 15:21:30
20262000000232521,20262000000035001,Sarah Rajah,,,,,2024-07-09 23:04:07,2024-09-12 15:21:30
20262000000232524,20262000000035001,Helen Stone,,,,,2024-07-09 23:04:07,2024-09-12 15:21:30
20262000000232527,20262000000035001,Ashwin George,,,,,2024-07-09 23:04:07,2024-09-12 15:21:31
20262000000232530,20262000000035001,Rowena Mary Boromeo,,,,,2024-07-09 23:04:07,2024-09-12 15:21:31
20262000000232533,20262000000035001,Atchaya Senthilkumar,,,,,2024-07-09 23:04:07,2024-09-12 15:21:31
20262000000232536,20262000000035001,Yu Seng Huong,,,,,2024-07-09 23:04:07,2024-09-12 15:21:31
20262000000232539,20262000000035001,Andrew Rodaughan,,,,,2024-07-09 23:04:07,2024-09-12 15:21:31
20262000000232542,20262000000035001,Lovepreet Kaur,,,,,2024-07-09 23:04:07,2024-09-12 15:21:31
20262000000232545,20262000000035001,Taha Ihsheish,,,,,2024-07-09 23:04:07,2024-09-12 15:21:31
20262000000232548,20262000000035001,TerryWhite Chemmart Kippa-Ring,,,,,2024-07-09 23:04:07,2024-08-22 16:33:16
20262000000232551,20262000000035001,Adrian Stratton,,,,,2024-07-09 23:04:07,2024-09-12 15:21:31
20262000000232554,20262000000035001,Southgate Pharmacy,,,,,2024-07-09 23:04:07,2024-08-22 16:33:03
20262000000232557,20262000000035001,Ada Chan,,,,,2024-07-09 23:04:07,2024-09-12 15:21:31
20262000000232560,20262000000035001,May Bashour,,,,,2024-07-09 23:04:07,2024-09-12 15:21:31
20262000000232563,20262000000035001,Peter Parashou,,,,,2024-07-09 23:04:07,2024-09-12 15:21:31
20262000000232566,20262000000035001,Zahra Al Ramahi,,,,,2024-07-09 23:04:07,2024-09-12 15:21:31
20262000000232569,20262000000035001,Udita Mehta,,,,,2024-07-09 23:04:07,2024-09-12 15:21:31
20262000000232572,20262000000035001,Mina Ghprial,,,,,2024-07-09 23:04:07,2024-09-12 15:21:31
20262000000232575,20262000000035001,krishna veni Gajelli,,,,,2024-07-09 23:04:07,2024-09-12 15:21:31
20262000000232578,20262000000035001,Su-Mei Lim,,,,,2024-07-09 23:04:07,2024-09-12 15:21:31
20262000000232581,20262000000035001,Joelle Azzi,,,,,2024-07-09 23:04:07,2024-09-12 15:21:31
20262000000232584,20262000000035001,Uostina Hanna,,,,,2024-07-09 23:04:07,2024-09-12 15:21:31
20262000000232587,20262000000035001,Farhan Patel,,,,,2024-07-09 23:04:07,2024-09-12 15:21:31
20262000000232590,20262000000035001,Xinya Li,,,,,2024-07-09 23:04:07,2024-09-12 15:21:31
20262000000232593,20262000000035001,Adam Choker,,,,,2024-07-09 23:04:07,2024-09-12 15:21:31
20262000000232596,20262000000035001,Ahmed Madhloom,,,,,2024-07-09 23:04:07,2024-09-12 15:21:31
20262000000232599,20262000000035001,Daniella Hamawy,,,,,2024-07-09 23:04:07,2024-09-12 15:21:31
20262000000232602,20262000000035001,Sree Kumar Satram,,,,,2024-07-09 23:04:07,2024-09-12 15:21:31
20262000000232605,20262000000035001,Star Discount Chemist Rockhampton,,,,,2024-07-09 23:04:07,2024-08-22 16:33:19
20262000000232608,20262000000035001,Brighton Dendy Plaza Pharmacy,,,,,2024-07-09 23:04:07,2024-08-22 16:33:00
20262000000232611,20262000000035001,Geoff Cave,,,,,2024-07-09 23:04:07,2024-09-12 15:21:31
20262000000232614,20262000000035001,Charles Huynh,,,,,2024-07-09 23:04:07,2024-09-12 15:21:31
20262000000232617,20262000000035001,Alexander Jones,,,,,2024-07-09 23:04:07,2024-09-12 15:21:31
20262000000232620,20262000000035001,Andre Lengkong,,,,,2024-07-09 23:04:07,2024-09-12 15:21:31
20262000000232623,20262000000035001,Anthony Patrick Bass Bajjani,,,,,2024-07-09 23:04:07,2024-09-12 15:21:32
20262000000232626,20262000000035001,Heena Raman,,,,,2024-07-09 23:04:07,2024-09-12 15:21:32
20262000000232629,20262000000035001,Dharti Sanjaybhai Ribadiya,,,,,2024-07-09 23:04:07,2024-09-12 15:21:32
20262000000232632,20262000000035001,B.G Discount Pharmacy,,,,,2024-07-09 23:04:07,2024-08-22 16:33:25
20262000000232635,20262000000035001,John Hakeem,,,,,2024-07-09 23:04:07,2024-09-12 15:21:32
20262000000232638,20262000000035001,Erin Mitchell,,,,,2024-07-09 23:04:07,2024-09-12 15:21:32
20262000000232641,20262000000035001,Keyas Yousuf,,,,,2024-07-09 23:04:07,2024-09-12 15:21:32
20262000000232644,20262000000035001,Krupa Patel,,,,,2024-07-09 23:04:07,2024-09-12 15:21:32
20262000000232647,20262000000035001,Ranjit Singh Bhullar,,,,,2024-07-09 23:04:07,2024-09-12 15:21:32
20262000000232650,20262000000035001,Mariam Shaker,,,,,2024-07-09 23:04:07,2024-09-12 15:21:32
20262000000232653,20262000000035001,Peter French,,,,,2024-07-09 23:04:07,2024-09-12 15:21:32
20262000000232656,20262000000035001,Anthony Giuliano,,,,,2024-07-09 23:04:07,2024-09-12 15:21:32
20262000000232659,20262000000035001,Gurmanpreet Goomber,,,,,2024-07-09 23:04:07,2024-09-12 15:21:32
20262000000232662,20262000000035001,Nouha Elmasri,,,,,2024-07-09 23:04:07,2024-09-12 15:21:32
20262000000232665,20262000000035001,Wentworth pharmacy,,,,,2024-07-09 23:04:07,2024-07-09 23:04:07
20262000000232668,20262000000035001,Geoffrey Lee,,,,,2024-07-09 23:04:07,2024-09-12 15:21:32
20262000000232671,20262000000035001,Hina Gul,,,,,2024-07-09 23:04:07,2024-09-12 15:21:32
20262000000232674,20262000000035001,Mumu Reza,,,,,2024-07-09 23:04:07,2024-09-12 15:21:32
20262000000232677,20262000000035001,Linleigh White,,,,,2024-07-09 23:04:07,2024-09-12 15:21:32
20262000000232680,20262000000035001,Abdelqader Abdoh,,,,,2024-07-09 23:04:07,2024-09-12 15:21:32
20262000000232683,20262000000035001,Ann Ng,,,,,2024-07-09 23:04:07,2024-09-12 15:21:32
20262000000232686,20262000000035001,Emporio Pharmacy - SOLD,,,,,2024-07-09 23:04:07,2025-08-19 19:46:16
20262000000232689,20262000000035001,Wei Jiang,,,,,2024-07-09 23:04:07,2024-09-12 15:21:32
20262000000232692,20262000000035001,HIU TUNG LO,,,,,2024-07-09 23:04:07,2024-09-12 15:21:33
20262000000232695,20262000000035001,Chemsave Kingston,,,,,2024-07-09 23:04:07,2024-08-22 16:33:03
20262000000232698,20262000000035001,Ming Kong,,,,,2024-07-09 23:04:07,2024-09-12 15:21:33
20262000000232701,20262000000035001,Yaxuan Zhang,,,,,2024-07-09 23:04:07,2024-09-12 15:21:33
20262000000232704,20262000000035001,Priceline Pharmacy Sunbury Square,,,,,2024-07-09 23:04:07,2024-08-22 16:33:24
20262000000232707,20262000000035001,American Pharmacy Association,,,,,2024-07-09 23:04:07,2024-09-12 15:21:33
20262000000232710,20262000000035001,Direct chemist outlet Caulfield,,,,,2024-07-09 23:04:07,2024-08-22 16:33:23
20262000000232713,20262000000035001,Mt Isa Central Pharmacy,,,,,2024-07-09 23:04:07,2024-08-22 16:33:26
20262000000232716,20262000000035001,Atul Vyas,,,,,2024-07-09 23:04:07,2024-09-12 15:21:33
20262000000232719,20262000000035001,Sonia Sharma-Luital,,,,,2024-07-09 23:04:07,2024-09-12 15:21:33
20262000000232722,20262000000035001,Emad Hana,,,,,2024-07-09 23:04:07,2024-09-12 15:21:33
20262000000232725,20262000000035001,Angie Myyrylainen,,,,,2024-07-09 23:04:07,2024-09-12 15:21:33
20262000000232728,20262000000035001,Community Care Chemist Belmont,,,,,2024-07-09 23:04:07,2024-08-22 16:33:11
20262000000232731,20262000000035001,Arch medical Centre pharmacy,,,,,2024-07-09 23:04:07,2024-08-22 16:33:05
20262000000232734,20262000000035001,Francis Trinh,,,,,2024-07-09 23:04:07,2024-09-12 15:21:33
20262000000232737,20262000000035001,Aynekulu Bekele,,,,,2024-07-09 23:04:07,2024-09-12 15:21:33
20262000000232740,20262000000035001,Lauren Andrews,,,,,2024-07-09 23:04:07,2024-09-12 15:21:33
20262000000232743,20262000000035001,Chantelle Nottage,,,,,2024-07-09 23:04:07,2024-09-12 15:21:33
20262000000232746,20262000000035001,Li Sze Ang,,,,,2024-07-09 23:04:07,2024-09-12 15:21:33
20262000000232749,20262000000035001,Friendly Pharmacy Lake Munmorah,,,,,2024-07-09 23:04:07,2024-08-22 16:33:23
20262000000232752,20262000000035001,Hao Ning Ng,,,,,2024-07-09 23:04:07,2024-09-12 15:21:33
20262000000232755,20262000000035001,Ashish Adhikari,,,,,2024-07-09 23:04:07,2024-09-12 15:21:33
20262000000232758,20262000000035001,Medici Capital,,,,,2024-07-09 23:04:07,2024-08-22 16:33:13
20262000000232761,20262000000035001,William Le,,,,,2024-07-09 23:04:07,2024-09-12 15:21:33
20262000000232764,20262000000035001,Sarah Hwei Ming Soon,,,,,2024-07-09 23:04:07,2024-09-12 15:21:33
20262000000232767,20262000000035001,Okhan Atasoy,,,,,2024-07-09 23:04:07,2024-09-12 15:21:33
20262000000232770,20262000000035001,Leah Tredway,,,,,2024-07-09 23:04:07,2024-09-12 15:21:33
20262000000232773,20262000000035001,Vicky melissas pharmacy,,,,,2024-07-09 23:04:07,2024-08-22 16:33:24
20262000000232776,20262000000035001,Priceline Pharmacy West Brunswick,,,,,2024-07-09 23:04:07,2024-08-22 16:33:05
20262000000232779,20262000000035001,Nancy Nounou,,,,,2024-07-09 23:04:07,2024-09-12 15:21:34
20262000000232782,20262000000035001,Tahlia Cook,,,,,2024-07-09 23:04:07,2024-09-12 15:21:34
20262000000232785,20262000000035001,Steven Rose,,,,,2024-07-09 23:04:07,2024-09-12 15:21:34
20262000000232788,20262000000035001,Jing Lan Lin,,,,,2024-07-09 23:04:07,2024-09-12 15:21:34
20262000000232791,20262000000035001,Ralph Rodrigo,,,,,2024-07-09 23:04:07,2024-09-12 15:21:34
20262000000232794,20262000000035001,Direct Chemist Outlet Maffra,,,,,2024-07-09 23:04:07,2024-08-22 16:33:12
20262000000232797,20262000000035001,Wan Lin Gan,,,,,2024-07-09 23:04:07,2024-09-12 15:21:34
2.0262E+16,20262000000035001,Tafadzwa Brown Chinguwa,,,,,2024-07-09 23:04:07,2024-09-12 15:21:34
20262000000232803,20262000000035001,Marina Basta,,,,,2024-07-09 23:04:07,2024-09-12 15:21:34
20262000000232806,20262000000035001,Na Yeon Ha,,,,,2024-07-09 23:04:07,2024-09-12 15:21:34
20262000000232809,20262000000035001,Yolla pharmacy,,,,,2024-07-09 23:04:07,2024-08-22 16:33:20
20262000000232812,20262000000035001,Mira Mounir-Ezzat,,,,,2024-07-09 23:04:07,2024-09-12 15:21:34
20262000000232815,20262000000035001,Sumati Prasad,,,,,2024-07-09 23:04:07,2024-09-12 15:21:34
20262000000232818,20262000000035001,Star Discount Chemist Northpark,,,,,2024-07-09 23:04:07,2024-08-22 16:33:10
20262000000232821,20262000000035001,A K M Shamsur Rahman,,,,,2024-07-09 23:04:07,2024-09-12 15:21:34
20262000000232824,20262000000035001,Zairah Noman khan,,,,,2024-07-09 23:04:07,2024-09-12 15:21:34
20262000000232827,20262000000035001,Sylvia Kerolous,,,,,2024-07-09 23:04:07,2024-09-12 15:21:34
20262000000232830,20262000000035001,Dararoth Siddhana,,,,,2024-07-09 23:04:07,2024-09-12 15:21:34
20262000000232833,20262000000035001,Roma Clayton-Tweedie,,,,,2024-07-09 23:04:07,2024-09-12 15:21:34
20262000000232836,20262000000035001,Caroline Chen,,,,,2024-07-09 23:04:07,2024-09-12 15:21:34
20262000000232839,20262000000035001,Zairah Noman khan,,,,,2024-07-09 23:04:07,2024-07-09 23:04:07
20262000000232842,20262000000035001,East Bentleigh Pharmacy,,,,,2024-07-09 23:04:07,2024-08-22 16:33:05
20262000000232845,20262000000035001,Shabnam Naddaf Melli,,,,,2024-07-09 23:04:07,2024-09-12 15:21:34
20262000000232848,20262000000035001,Jan Zdon,,,,,2024-07-09 23:04:07,2024-09-12 15:21:34
20262000000232851,20262000000035001,Daniel Nasri,,,,,2024-07-09 23:04:07,2024-09-12 15:21:34
20262000000232854,20262000000035001,Kamila Drzewiecki,,,,,2024-07-09 23:04:07,2024-09-12 15:21:34
20262000000232857,20262000000035001,Marraboor Pharmacy,,,,,2024-07-09 23:04:07,2024-07-09 23:04:07
20262000000232860,20262000000035001,St Leonards Pharmacy,,,,,2024-07-09 23:04:07,2024-08-22 16:33:02
20262000000232863,20262000000035001,Lisa Huang,,,,,2024-07-09 23:04:07,2024-09-12 15:21:34
20262000000232866,20262000000035001,Lejla Bekric,,,,,2024-07-09 23:04:07,2024-09-12 15:21:34
20262000000232869,20262000000035001,Vedrana Djurkovic,,,,,2024-07-09 23:04:07,2024-09-12 15:21:34
20262000000232872,20262000000035001,Christian Shilling,,,,,2024-07-09 23:04:07,2024-09-12 15:21:35
20262000000232875,20262000000035001,Sarah Mirzaei,,,,,2024-07-09 23:04:07,2024-09-12 15:21:35
20262000000232878,20262000000035001,David Froon,,,,,2024-07-09 23:04:07,2024-09-12 15:21:35
20262000000232881,20262000000035001,Pharmacy 777 Pascoe Vale,,,,,2024-07-09 23:04:07,2024-08-22 16:33:12
20262000000232884,20262000000035001,Lucy McGrath,,,,,2024-07-09 23:04:07,2024-09-12 15:21:35
20262000000232887,20262000000035001,Ritesh Patel,,,,,2024-07-09 23:04:07,2024-09-12 15:21:35
20262000000232890,20262000000035001,Jane Kennedy,,,,,2024-07-09 23:04:07,2024-09-12 15:21:35
20262000000232893,20262000000035001,Dawn Nguyen,,,,,2024-07-09 23:04:07,2024-09-12 15:21:35
20262000000232896,20262000000035001,Yi Shi Helen Huang,,,,,2024-07-09 23:04:07,2024-09-12 15:21:35
20262000000232899,20262000000035001,Neha Patel,,,,,2024-07-09 23:04:07,2024-09-12 15:21:35
20262000000232902,20262000000035001,Chiltern pharmacy,,,,,2024-07-09 23:04:07,2024-08-22 16:33:14
20262000000232905,20262000000035001,GSR Ventures,,,,,2024-07-09 23:04:07,2024-09-12 15:21:35
20262000000232908,20262000000035001,Crescent Ridge Partners Ventures,,,,,2024-07-09 23:04:07,2024-09-12 15:21:35
20262000000232911,20262000000035001,Galileo Ventures,,,,,2024-07-09 23:04:07,2024-07-09 23:04:07
20262000000232914,20262000000035001,AlleyCorp,,,,,2024-07-09 23:04:07,2024-09-12 15:21:35
20262000000232917,20262000000035001,Thrive Capital,,,,,2024-07-09 23:04:07,2024-09-12 15:21:35
20262000000232920,20262000000035001,BBG Ventures,,,,,2024-07-09 23:04:07,2024-09-12 15:21:35
20262000000232923,20262000000035001,11 Tribes Ventures,,,,,2024-07-09 23:04:07,2024-09-12 15:21:35
20262000000232926,20262000000035001,Shearwater Capital,,,,,2024-07-09 23:04:07,2024-09-12 15:21:35
20262000000232929,20262000000035001,Route 66 Ventures,,,,,2024-07-09 23:04:07,2024-09-12 15:21:35
20262000000232932,20262000000035001,Khosla Ventures,,,,,2024-07-09 23:04:07,2024-09-12 15:21:35
20262000000232935,20262000000035001,Drive Capital,,,,,2024-07-09 23:04:07,2024-09-12 15:21:35
20262000000232938,20262000000035001,F-Prime Capital,,,,,2024-07-09 23:04:07,2024-09-12 15:21:35
20262000000232941,20262000000035001,Moai Capital,,,,,2024-07-09 23:04:07,2024-09-12 15:21:35
20262000000232944,20262000000035001,Tidal Ventures,,,,,2024-07-09 23:04:07,2024-09-12 15:21:35
20262000000232947,20262000000035001,Optum Ventures,,,,,2024-07-09 23:04:07,2024-07-09 23:04:07
20262000000232950,20262000000035001,Insight Partners,,,,,2024-07-09 23:04:07,2024-09-12 15:21:36
20262000000232953,20262000000035001,AirTree Ventures,,,,,2024-07-09 23:04:07,2024-09-12 15:21:36
20262000000232956,20262000000035001,Rock Health Capital,,,,,2024-07-09 23:04:07,2024-09-12 15:21:36
20262000000232959,20262000000035001,Greycroft,,,,,2024-07-09 23:04:07,2024-09-12 15:21:36
20262000000232962,20262000000035001,1984 Ventures,,,,,2024-07-09 23:04:07,2024-09-12 15:21:36
20262000000232965,20262000000035001,Zacharia Hamdan,,,,,2024-07-09 23:04:07,2024-09-12 15:21:36
20262000000232968,20262000000035001,Ajit Ahluwalia,,,,,2024-07-09 23:04:07,2024-09-12 15:21:36
20262000000232971,20262000000035001,Feby Samaan,,,,,2024-07-09 23:04:07,2024-09-12 15:21:36
20262000000232974,20262000000035001,Eric-Ming Lam,,,,,2024-07-09 23:04:07,2024-09-12 15:21:36
20262000000232977,20262000000035001,Cong Tony Van,,,,,2024-07-09 23:04:07,2024-09-12 15:21:36
20262000000232980,20262000000035001,Hillary Joan Riddell,,,,,2024-07-09 23:04:07,2024-09-12 15:21:36
20262000000232983,20262000000035001,Muhammad Zia Zahid,,,,,2024-07-09 23:04:07,2024-07-09 23:04:07
20262000000232986,20262000000035001,VITALIZE Venture Capital,,,,,2024-07-09 23:04:07,2024-09-12 15:21:36
20262000000232989,20262000000035001,Long Journey Ventures,,,,,2024-07-09 23:04:07,2024-09-12 15:21:36
20262000000232992,20262000000035001,allygatr,,,,,2024-07-09 23:04:07,2024-09-12 15:21:36
20262000000232995,20262000000035001,Folklore Ventures,,,,,2024-07-09 23:04:07,2024-09-12 15:21:36
20262000000232998,20262000000035001,Rona Thomas,,,,,2024-07-09 23:04:07,2024-09-12 15:21:36
20262000000233001,20262000000035001,Gene Lai,,,,,2024-07-09 23:04:07,2024-09-12 15:21:36
20262000000233004,20262000000035001,Naila Sekmani,,,,,2024-07-09 23:04:07,2024-09-12 15:21:36
20262000000263007,20262000000035001,Terrywhite Chemmart Kambah,,,,,2024-07-09 23:04:46,2024-08-22 16:33:04
20262000000263010,20262000000035001,Rachna Devi,,,,,2024-07-09 23:04:46,2024-09-12 15:21:36
20262000000263013,20262000000035001,Rachna Devi,,,,,2024-07-09 23:04:45,2024-07-09 23:04:45
20262000000263016,20262000000035001,Cindy Le Tran,,,,,2024-07-09 23:04:46,2024-09-12 15:21:36
20262000000263019,20262000000035001,John Wooller,,,,,2024-07-09 23:04:46,2024-09-12 15:21:36
20262000000263022,20262000000035001,Ezzat (Josh) Gerges,,,,,2024-07-09 23:04:46,2024-09-12 15:21:36
20262000000263025,20262000000035001,Gooding Drive Amcal,,,,,2024-07-09 23:04:46,2024-08-22 16:33:26
20262000000263028,20262000000035001,Pasquale Demaria,,,,,2024-07-09 23:04:46,2024-09-12 15:21:36
20262000000263031,20262000000035001,John Woodward,,,,,2024-07-09 23:04:46,2024-09-12 15:21:37
20262000000263034,20262000000035001,Sam Adly,,,,,2024-07-09 23:04:46,2024-09-12 15:21:37
20262000000263037,20262000000035001,Meghaben Patel,,,,,2024-07-09 23:04:46,2024-09-12 15:21:37
20262000000263040,20262000000035001,Ivana Prljevic,,,,,2024-07-09 23:04:46,2024-09-12 15:21:37
20262000000263043,20262000000035001,Jasmine Satterley,,,,,2024-07-09 23:04:46,2024-09-12 15:21:37
20262000000263046,20262000000035001,Redland Bay Wholelife Pharmacy and Healthfoods,,,,,2024-07-09 23:04:46,2024-08-22 16:33:15
20262000000263049,20262000000035001,Sofia Su Ye,,,,,2024-07-09 23:04:46,2024-09-12 15:21:37
20262000000263052,20262000000035001,Zain Langah,,,,,2024-07-09 23:04:46,2024-09-12 15:21:37
20262000000263055,20262000000035001,Siew Low,,,,,2024-07-09 23:04:46,2024-09-12 15:21:37
20262000000263058,20262000000035001,Plaza Pharmacy,,,,,2024-07-09 23:04:46,2024-08-22 16:33:15
20262000000263061,20262000000035001,Gulgong Dispensary,,,,,2024-07-09 23:04:46,2024-08-22 16:33:14
20262000000263064,20262000000035001,TerryWhite Chemmart McIntyre Medical Centre Pharmacy,,,,,2024-07-09 23:04:46,2024-08-22 16:33:10
20262000000263067,20262000000035001,Releaf Noosa Dispensary,,,,,2024-07-09 23:04:46,2024-08-22 16:33:13
20262000000263070,20262000000035001,Prospect Compounding Pharmacy,,,,,2024-07-09 23:04:46,2024-08-22 16:33:10
20262000000263073,20262000000035001,Direct Chemist Outlet Delacombe,,,,,2024-07-09 23:04:46,2024-08-22 16:33:26
20262000000263076,20262000000035001,Michael Abdelnour,,,,,2024-07-09 23:04:46,2024-09-12 15:21:37
20262000000263079,20262000000035001,Chemist Warehouse HQ,,,,,2024-07-09 23:04:46,2024-09-12 15:21:37
20262000000263082,20262000000035001,HPS Pharmacies,,,,,2024-07-09 23:04:46,2024-09-12 15:21:37
20262000000263085,20262000000035001,Podiatry Licensing,,,,,2024-07-09 23:04:46,2024-09-12 15:21:37
20262000000263088,20262000000035001,Crewe Sharp,,,,,2024-07-09 23:04:45,2024-09-12 15:18:46
20262000000263091,20262000000035001,JO Poon,,,,,2024-07-09 23:04:46,2024-09-12 15:21:37
20262000000263094,20262000000035001,Brandon Pincham,,,,,2024-07-09 23:04:46,2024-09-12 15:21:37
20262000000263097,20262000000035001,Tyla Phillips,,,,,2024-07-09 23:04:46,2024-09-12 15:21:37
2.0262E+16,20262000000035001,Fariba Najafpour,,,,,2024-07-09 23:04:46,2024-09-12 15:21:37
20262000000263103,20262000000035001,Raymond Lee,,,,,2024-07-09 23:04:46,2024-09-12 15:21:37
20262000000263106,20262000000035001,Lourdes Razay,,,,,2024-07-09 23:04:46,2024-09-12 15:21:37
20262000000263109,20262000000035001,Nyasha Mazorodze,,,,,2024-07-09 23:04:46,2024-09-12 15:21:37
20262000000263112,20262000000035001,Chi Han Choo,,,,,2024-07-09 23:04:46,2024-09-12 15:21:37
20262000000263115,20262000000035001,Douglas Chemist Group HQ,,,,,2024-07-09 23:04:46,2025-10-28 14:35:51
20262000000263118,20262000000035001,Cooranbong Pharmacy and Compounding,,,,,2024-07-09 23:04:46,2024-08-22 16:33:13
20262000000263121,20262000000035001,Jana Del Fierro,,,,,2024-07-09 23:04:46,2024-09-12 15:21:38
20262000000263124,20262000000035001,Anna Maree Cooper,,,,,2024-07-09 23:04:46,2024-09-12 15:21:38
20262000000263127,20262000000035001,Gloucester family pharmacy,,,,,2024-07-09 23:04:46,2024-08-22 16:33:19
20262000000263130,20262000000035001,Ming Liu,,,,,2024-07-09 23:04:46,2024-09-12 15:21:38
20262000000263133,20262000000035001,Rampersand,,,,,2024-07-09 23:04:46,2024-09-12 15:21:38
20262000000263136,20262000000035001,AfterWork Ventures,,,,,2024-07-09 23:04:46,2024-09-12 15:21:38
20262000000263139,20262000000035001,Afore Capital,,,,,2024-07-09 23:04:46,2024-09-12 15:21:38
20262000000263142,20262000000035001,Sunbury Medical Centre Pharmacy,,,,,2024-07-09 23:04:46,2024-08-22 16:33:24
20262000000263145,20262000000035001,Archangel Ventures,,,,,2024-07-09 23:04:46,2024-09-12 15:21:38
20262000000263148,20262000000035001,Artesian VC,,,,,2024-07-09 23:04:46,2024-09-12 15:21:38
20262000000263151,20262000000035001,Black Sheep Capital,,,,,2024-07-09 23:04:46,2024-09-12 15:21:38
20262000000263154,20262000000035001,Investible,,,,,2024-07-09 23:04:46,2024-09-12 15:21:38
20262000000263157,20262000000035001,TWC Macquarie St Pharmacy,,,,,2024-07-09 23:04:46,2024-08-22 16:33:05
20262000000263160,20262000000035001,Fahim Mehmood,,,,,2024-07-09 23:04:46,2024-09-12 15:21:38
20262000000263163,20262000000035001,Daniel Kok,,,,,2024-07-09 23:04:46,2024-09-12 15:21:38
20262000000263166,20262000000035001,Fatma Al birkawi,,,,,2024-07-09 23:04:46,2024-09-12 15:21:38
20262000000263169,20262000000035001,Cindy Tran,,,,,2024-07-09 23:04:46,2024-09-12 15:21:38
20262000000263172,20262000000035001,Rameshwor Acharya,,,,,2024-07-09 23:04:46,2024-09-12 15:21:38
20262000000263175,20262000000035001,Yasmin Baghdadi,,,,,2024-07-09 23:04:46,2024-09-12 15:21:38
20262000000263178,20262000000035001,Sushant Shakya,,,,,2024-07-09 23:04:46,2024-09-12 15:21:38
20262000000263181,20262000000035001,Deepika Gaddam,,,,,2024-07-09 23:04:46,2024-09-12 15:21:38
20262000000263184,20262000000035001,Tarek Amyra,,,,,2024-07-09 23:04:46,2024-09-12 15:21:38
20262000000263187,20262000000035001,Simon Reinhard,,,,,2024-07-09 23:04:46,2024-09-12 15:21:38
20262000000263190,20262000000035001,Mohammad Warsi,,,,,2024-07-09 23:04:46,2024-09-12 15:21:38
20262000000263193,20262000000035001,Faisal Orya,,,,,2024-07-09 23:04:46,2024-09-12 15:21:38
20262000000263196,20262000000035001,Engy Morkous,,,,,2024-07-09 23:04:46,2024-09-12 15:21:38
20262000000263199,20262000000035001,Amel Ahmed,,,,,2024-07-09 23:04:46,2024-09-12 15:21:39
20262000000263202,20262000000035001,Kudzai Nechironga,,,,,2024-07-09 23:04:46,2024-09-12 15:21:39
20262000000263205,20262000000035001,Sandra Tena Belen,,,,,2024-07-09 23:04:46,2024-09-12 15:21:39
20262000000263208,20262000000035001,Jinghong Liu,,,,,2024-07-09 23:04:46,2024-09-12 15:21:39
20262000000263211,20262000000035001,David Hannah,,,,,2024-07-09 23:04:46,2024-09-12 15:21:39
20262000000263214,20262000000035001,Aradhana Prasad,,,,,2024-07-09 23:04:46,2024-09-12 15:21:39
20262000000263217,20262000000035001,Cui Jing Hor,,,,,2024-07-09 23:04:46,2024-09-12 15:21:39
20262000000263220,20262000000035001,Sohee Nah,,,,,2024-07-09 23:04:46,2024-09-12 15:21:39
20262000000263223,20262000000035001,Joseph Daoud,,,,,2024-07-09 23:04:46,2024-09-12 15:21:39
20262000000263226,20262000000035001,Melissa Knight,,,,,2024-07-09 23:04:46,2024-09-12 15:21:39
20262000000263229,20262000000035001,Mina Seedhom,,,,,2024-07-09 23:04:46,2024-09-12 15:21:39
20262000000263232,20262000000035001,Yee Yau Lim,,,,,2024-07-09 23:04:46,2024-09-12 15:21:39
20262000000263235,20262000000035001,Phuong Hoang Truc Le,,,,,2024-07-09 23:04:46,2024-09-12 15:21:39
20262000000263238,20262000000035001,Gabriel Tuske,,,,,2024-07-09 23:04:46,2024-09-12 15:21:39
20262000000263241,20262000000035001,Prashand Lodhia,,,,,2024-07-09 23:04:46,2024-09-12 15:21:39
20262000000263244,20262000000035001,Shi Yong Yan,,,,,2024-07-09 23:04:46,2024-09-12 15:21:39
20262000000263247,20262000000035001,George and Matilda,,,,,2024-07-09 23:04:45,2024-07-09 23:04:45
20262000000263250,20262000000035001,Gillian Smyth,,,,,2024-07-09 23:04:46,2024-09-12 15:21:39
20262000000263253,20262000000035001,Danielle Glover,,,,,2024-07-09 23:04:46,2024-09-12 15:21:39
20262000000263256,20262000000035001,Sophie Harris,,,,,2024-07-09 23:04:46,2024-09-12 15:21:39
20262000000263259,20262000000035001,GSV Ventures,,,,,2024-07-09 23:04:46,2024-09-12 15:21:39
20262000000263262,20262000000035001,CRV,,,,,2024-07-09 23:04:46,2024-09-12 15:21:39
20262000000263265,20262000000035001,Betaworks,,,,,2024-07-09 23:04:46,2024-09-12 15:21:39
20262000000263268,20262000000035001,Hannah Grey,,,,,2024-07-09 23:04:46,2024-09-12 15:21:39
20262000000263271,20262000000035001,CD Family Trust,,,,,2024-07-09 23:04:46,2024-09-12 15:21:39
20262000000263274,20262000000035001,RELEAF SOUTH MELBOURNE,,,,,2024-07-09 23:04:46,2024-08-22 16:33:03
20262000000263277,20262000000035001,Infinity Pharmacy Grand Central,,,,,2024-07-09 23:04:46,2024-08-22 16:33:18
20262000000263280,20262000000035001,SI KUN LIU,,,,,2024-07-09 23:04:46,2024-09-12 15:21:39
20262000000263283,20262000000035001,Gus Seeto,,,,,2024-07-09 23:04:46,2024-09-12 15:21:39
20262000000263286,20262000000035001,Priceline Pharmacy Karingal Hub,,,,,2024-07-09 23:04:46,2024-08-22 16:33:07
20262000000263289,20262000000035001,Darlinghurst Chemist,,,,,2024-07-09 23:04:46,2024-08-22 16:33:10
20262000000263292,20262000000035001,Sadrah Alimy,,,,,2024-07-09 23:04:46,2024-09-12 15:21:40
20262000000263295,20262000000035001,Duy Phuong Pham,,,,,2024-07-09 23:04:46,2024-09-12 15:21:40
20262000000263298,20262000000035001,Kate Elizabeth Heit,,,,,2024-07-09 23:04:46,2024-09-12 15:21:40
20262000000263301,20262000000035001,Isabella Truong,,,,,2024-07-09 23:04:46,2024-09-12 15:21:40
20262000000263304,20262000000035001,Jeffrey Ledlie,,,,,2024-07-09 23:04:46,2024-09-12 15:21:40
20262000000263307,20262000000035001,Zeb Riddell,,,,,2024-07-09 23:04:46,2024-09-12 15:21:40
20262000000263310,20262000000035001,Jack Davis,,,,,2024-07-09 23:04:46,2024-09-12 15:21:40
20262000000263313,20262000000035001,Ahmad Dimassi,,,,,2024-07-09 23:04:46,2024-09-12 15:21:40
20262000000263316,20262000000035001,Sally Sukarieh,,,,,2024-07-09 23:04:46,2024-09-12 15:21:40
20262000000263319,20262000000035001,Duoyun Sun,,,,,2024-07-09 23:04:46,2024-09-12 15:21:40
20262000000263322,20262000000035001,Arwel Jones,,,,,2024-07-09 23:04:46,2024-09-12 15:21:40
20262000000263325,20262000000035001,Advantage Pharmacy Rosedale,,,,,2024-07-09 23:04:46,2024-08-22 16:33:12
20262000000263328,20262000000035001,Arslan Amin,,,,,2024-07-09 23:04:46,2024-09-12 15:21:40
20262000000263331,20262000000035001,Megan Donaghy,,,,,2024-07-09 23:04:46,2024-09-12 15:21:40
20262000000263334,20262000000035001,Timothy Kelson,,,,,2024-07-09 23:04:46,2024-09-12 15:21:40
20262000000263337,20262000000035001,REYHAN GOK,,,,,2024-07-09 23:04:46,2024-09-12 15:21:40
20262000000263340,20262000000035001,Holly Toshach,,,,,2024-07-09 23:04:46,2024-09-12 15:21:40
20262000000263343,20262000000035001,Sophie Pfeiffer,,,,,2024-07-09 23:04:46,2024-09-12 15:21:40
20262000000263346,20262000000035001,Luke Swan,,,,,2024-07-09 23:04:46,2024-09-12 15:21:40
20262000000263349,20262000000035001,Bhavjit Kaur,,,,,2024-07-09 23:04:46,2024-09-12 15:21:40
20262000000263352,20262000000035001,Marco Georgy,,,,,2024-07-09 23:04:46,2024-09-12 15:21:40
20262000000263355,20262000000035001,sarah Moustafa,,,,,2024-07-09 23:04:46,2024-09-12 15:21:40
20262000000263358,20262000000035001,Mitchell Pope,,,,,2024-07-09 23:04:46,2024-09-12 15:21:40
20262000000263361,20262000000035001,Serjana Sadeq,,,,,2024-07-09 23:04:46,2024-09-12 15:21:40
20262000000263364,20262000000035001,Tsz Chiu HUI,,,,,2024-07-09 23:04:46,2024-09-12 15:21:40
20262000000263367,20262000000035001,Sam Odgers,,,,,2024-07-09 23:04:46,2024-09-12 15:21:40
20262000000263370,20262000000035001,Jelix Ventures,,,,,2024-07-09 23:04:46,2024-09-12 15:21:41
20262000000263373,20262000000035001,Common Sense Ventures,,,,,2024-07-09 23:04:46,2024-09-12 15:21:41
20262000000263376,20262000000035001,Aura Ventures,,,,,2024-07-09 23:04:46,2024-09-12 15:21:41
20262000000263379,20262000000035001,Srividya Kadiyapu,,,,,2024-07-09 23:04:46,2024-09-12 15:21:41
20262000000263382,20262000000035001,Marina Mikhaeil,,,,,2024-07-09 23:04:46,2024-09-12 15:21:41
20262000000263385,20262000000035001,Benjamin Main,,,,,2024-07-09 23:04:46,2024-09-12 15:21:41
20262000000263388,20262000000035001,MOHAMMAD KAISARUL ISLAM,,,,,2024-07-09 23:04:46,2024-09-12 15:21:41
20262000000263391,20262000000035001,Priceline Pharmacy Wynyard,,,,,2024-07-09 23:04:46,2024-08-22 16:33:15
20262000000263394,20262000000035001,Battista Mercuri,,,,,2024-07-09 23:04:46,2024-09-12 15:21:41
20262000000263397,20262000000035001,Tung Xuan Dong,,,,,2024-07-09 23:04:46,2024-09-12 15:21:41
2.0262E+16,20262000000035001,Ahmad Alzayadi,,,,,2024-07-09 23:04:46,2024-09-12 15:21:41
20262000000263403,20262000000035001,Farah Al Madfai,,,,,2024-07-09 23:04:46,2024-09-12 15:21:41
20262000000263406,20262000000035001,Eric Vo,,,,,2024-07-09 23:04:46,2024-09-12 15:21:41
20262000000263409,20262000000035001,Terry white Glenvale,,,,,2024-07-09 23:04:46,2024-08-22 16:32:59
20262000000263412,20262000000035001,Georgina Kate Morris,,,,,2024-07-09 23:04:46,2024-09-12 15:21:41
20262000000263415,20262000000035001,Raymond Phong The Diep,,,,,2024-07-09 23:04:46,2024-09-12 15:21:41
20262000000263418,20262000000035001,Luiza Cimpean,,,,,2024-07-09 23:04:46,2024-09-12 15:21:41
20262000000263421,20262000000035001,Lima Wardak,,,,,2024-07-09 23:04:46,2024-09-12 15:21:41
20262000000263424,20262000000035001,Chloe Nisbet,,,,,2024-07-09 23:04:46,2024-09-12 15:21:41
20262000000263427,20262000000035001,Samantha Nair,,,,,2024-07-09 23:04:46,2024-09-12 15:21:41
20262000000263430,20262000000035001,mahmoud eltobgy,,,,,2024-07-09 23:04:46,2024-09-12 15:21:41
20262000000263433,20262000000035001,Sandhurst Pharmacy,,,,,2024-07-09 23:04:46,2024-08-22 16:33:17
20262000000263436,20262000000035001,Asmita Kayastha,,,,,2024-07-09 23:04:46,2024-09-12 15:21:41
20262000000263439,20262000000035001,Nina Quynh Nhu Phan,,,,,2024-07-09 23:04:46,2024-09-12 15:21:41
20262000000263442,20262000000035001,Chang Hai Wang,,,,,2024-07-09 23:04:46,2024-09-12 15:21:41
20262000000263445,20262000000035001,Bede Cooney,,,,,2024-07-09 23:04:46,2024-09-12 15:21:41
20262000000263448,20262000000035001,Xinao Liu,,,,,2024-07-09 23:04:46,2024-09-12 15:21:41
20262000000263451,20262000000035001,Maryam Abdullah,,,,,2024-07-09 23:04:46,2024-09-12 15:21:41
20262000000263454,20262000000035001,Star Pharmacy Kew,,,,,2024-07-09 23:04:46,2024-08-22 16:33:15
20262000000263457,20262000000035001,Haven Moushi,,,,,2024-07-09 23:04:46,2024-09-12 15:21:41
20262000000263460,20262000000035001,Rachel El-Kouberci,,,,,2024-07-09 23:04:46,2024-09-12 15:21:42
20262000000263463,20262000000035001,Dua Amer Rashid,,,,,2024-07-09 23:04:46,2024-09-12 15:21:42
20262000000263466,20262000000035001,Hopes Pharmacy Lithgow,,,,,2024-07-09 23:04:46,2024-08-22 16:33:04
20262000000263469,20262000000035001,Mina Manyous,,,,,2024-07-09 23:04:46,2024-09-12 15:21:42
20262000000263472,20262000000035001,Better U Pharmacy,,,,,2024-07-09 23:04:46,2024-08-22 16:33:05
20262000000263475,20262000000035001,Hadil Abu haish,,,,,2024-07-09 23:04:46,2024-09-12 15:21:42
20262000000263478,20262000000035001,Red Hill Pharmacy,,,,,2024-07-09 23:04:46,2024-08-22 16:33:12
20262000000263481,20262000000035001,ASHBURTON FAMILY PHARMACY,,,,,2024-07-09 23:04:46,2024-08-22 16:33:01
20262000000263484,20262000000035001,Hany Zekry,,,,,2024-07-09 23:04:46,2024-09-12 15:21:42
20262000000263487,20262000000035001,Joel Cooper,,,,,2024-07-09 23:04:46,2024-09-12 15:21:42
20262000000263490,20262000000035001,TerryWhite Chemmart Latrobe,,,,,2024-07-09 23:04:46,2024-08-22 16:33:05
20262000000263493,20262000000035001,TerryWhite Chemmart Caddens Corner,,,,,2024-07-09 23:04:46,2024-08-22 16:33:06
20262000000263496,20262000000035001,Lithgow Plaza Pharmacy,,,,,2024-07-09 23:04:46,2024-08-22 16:33:26
20262000000263499,20262000000035001,Michelle Mercado,,,,,2024-07-09 23:04:46,2024-09-12 15:21:42
20262000000263502,20262000000035001,Brian Chukwuka,,,,,2024-07-09 23:04:46,2024-09-12 15:21:42
20262000000263505,20262000000035001,Brendan Luu,,,,,2024-07-09 23:04:46,2024-09-12 15:21:42
20262000000263508,20262000000035001,Milena Milacic Milacic,,,,,2024-07-09 23:04:46,2024-09-12 15:21:43
20262000000263511,20262000000035001,Taha Ozair Osman,,,,,2024-07-09 23:04:46,2024-09-12 15:21:43
20262000000263514,20262000000035001,Pingelly Pharmacy,,,,,2024-07-09 23:04:46,2024-08-22 16:33:25
20262000000263517,20262000000035001,Terry White Chemmart Woods Road,,,,,2024-07-09 23:04:46,2024-08-22 16:33:26
20262000000263520,20262000000035001,Maryquinette Nduka,,,,,2024-07-09 23:04:46,2024-09-12 15:21:43
20262000000263523,20262000000035001,SUNG HOA PHUNG,,,,,2024-07-09 23:04:46,2024-09-12 15:21:43
20262000000263526,20262000000035001,Wendy Wu,,,,,2024-07-09 23:04:46,2024-09-12 15:21:43
20262000000263529,20262000000035001,Silvar Duraid Qismah Eeso,,,,,2024-07-09 23:04:46,2024-09-12 15:21:43
20262000000263532,20262000000035001,Tran Phan,,,,,2024-07-09 23:04:46,2024-09-12 15:21:43
20262000000263535,20262000000035001,Bill Warner Chemist,,,,,2024-07-09 23:04:46,2024-08-22 16:33:09
20262000000263538,20262000000035001,Lucy Miceli,,,,,2024-07-09 23:04:46,2024-09-12 15:21:43
20262000000263541,20262000000035001,Jacob Wai Hin Yan,,,,,2024-07-09 23:04:46,2024-09-12 15:21:43
20262000000263544,20262000000035001,Ngan Ha Doan,,,,,2024-07-09 23:04:46,2024-09-12 15:21:43
20262000000263547,20262000000035001,Rebecca MERCER,,,,,2024-07-09 23:04:46,2024-09-12 15:21:43
20262000000263550,20262000000035001,Sundos Atasi,,,,,2024-07-09 23:04:46,2024-09-12 15:21:43
20262000000263553,20262000000035001,Anna Maria Lo Monaco,,,,,2024-07-09 23:04:46,2024-09-12 15:21:43
20262000000263556,20262000000035001,Ashwny Ratnarajah,,,,,2024-07-09 23:04:45,2024-07-09 23:04:45
20262000000263559,20262000000035001,Duha Abdurrahman,,,,,2024-07-09 23:04:46,2024-09-12 15:21:44
20262000000263562,20262000000035001,Sadia Imran,,,,,2024-07-09 23:04:46,2024-09-12 15:21:44
20262000000263565,20262000000035001,Sehaj Johal,,,,,2024-07-09 23:04:46,2024-09-12 15:21:44
20262000000263568,20262000000035001,Rachel Amato,,,,,2024-07-09 23:04:46,2024-09-12 15:21:44
20262000000263571,20262000000035001,Kimberly Rose Yu Zhu Guo,,,,,2024-07-09 23:04:46,2024-09-12 15:21:44
20262000000263574,20262000000035001,Brigette Mukova,,,,,2024-07-09 23:04:46,2024-09-12 15:21:44
20262000000263577,20262000000035001,Mohammad Jaffri,,,,,2024-07-09 23:04:46,2024-09-12 15:21:44
20262000000263580,20262000000035001,Mittagong day night pharmacy,,,,,2024-07-09 23:04:46,2024-08-22 16:33:13
20262000000263583,20262000000035001,Peak crossing Pharmacy,,,,,2024-07-09 23:04:46,2024-08-22 16:33:16
20262000000263586,20262000000035001,Mittagong day night pharmacy,,,,,2024-07-09 23:04:45,2024-07-09 23:04:45
20262000000263589,20262000000035001,Shrikesh Morjaria,,,,,2024-07-09 23:04:46,2024-09-12 15:21:44
20262000000263592,20262000000035001,Mubeen Ul Haq,,,,,2024-07-09 23:04:46,2024-09-12 15:21:44
20262000000263595,20262000000035001,Brian Allman,,,,,2024-07-09 23:04:46,2024-09-12 15:21:44
20262000000263598,20262000000035001,Taylor Cameron,,,,,2024-07-09 23:04:46,2024-09-12 15:21:44
20262000000263601,20262000000035001,Jinhyoung Park,,,,,2024-07-09 23:04:46,2024-09-12 15:21:44
20262000000263604,20262000000035001,The Bush Chemist Wagga,,,,,2024-07-09 23:04:46,2024-08-22 16:33:16
20262000000263607,20262000000035001,James Bonadio,,,,,2024-07-09 23:04:46,2024-09-12 15:21:44
20262000000263610,20262000000035001,Kristina Di Giambattista,,,,,2024-07-09 23:04:46,2024-09-12 15:21:44
20262000000263613,20262000000035001,Siam Mahmud,,,,,2024-07-09 23:04:46,2024-09-12 15:21:44
20262000000263616,20262000000035001,George Attia,,,,,2024-07-09 23:04:46,2024-09-12 15:21:44
20262000000263619,20262000000035001,Danny Nguyen,,,,,2024-07-09 23:04:46,2024-09-12 15:21:44
20262000000263622,20262000000035001,Duy Bui,,,,,2024-07-09 23:04:46,2024-09-12 15:21:44
20262000000263625,20262000000035001,Anna Yvette Gray Wheeler,,,,,2024-07-09 23:04:46,2024-09-12 15:21:44
20262000000263628,20262000000035001,Pharmacy 4 Less Burwood,,,,,2024-07-09 23:04:46,2024-08-22 16:33:02
20262000000263631,20262000000035001,Mavis Makuni,,,,,2024-07-09 23:04:46,2024-09-12 15:21:44
20262000000263634,20262000000035001,Anam Ajaz Rabbani,,,,,2024-07-09 23:04:46,2024-09-12 15:21:45
20262000000263637,20262000000035001,Elspeth Thomas,,,,,2024-07-09 23:04:46,2024-09-12 15:21:45
20262000000263640,20262000000035001,James Keating,,,,,2024-07-09 23:04:46,2024-09-12 15:21:45
20262000000263643,20262000000035001,Dexter Chiuman,,,,,2024-07-09 23:04:46,2024-09-12 15:21:45
20262000000263646,20262000000035001,Joshua Leonard,,,,,2024-07-09 23:04:46,2024-09-12 15:21:45
20262000000263649,20262000000035001,Hei Yin Ning,,,,,2024-07-09 23:04:46,2024-09-12 15:21:45
20262000000263652,20262000000035001,Muhammed Dennaoui,,,,,2024-07-09 23:04:46,2024-09-12 15:21:45
20262000000263655,20262000000035001,Bassem Roufael,,,,,2024-07-09 23:04:46,2024-09-12 15:21:45
20262000000263658,20262000000035001,John Scanlan,,,,,2024-07-09 23:04:46,2024-09-12 15:21:45
20262000000263661,20262000000035001,So Yeon Kim,,,,,2024-07-09 23:04:46,2024-09-12 15:21:45
20262000000263664,20262000000035001,Goksel Doganay,,,,,2024-07-09 23:04:46,2024-09-12 15:21:45
20262000000263667,20262000000035001,Jacqueline Lockley,,,,,2024-07-09 23:04:46,2024-09-12 15:21:45
20262000000263670,20262000000035001,Boronia Heights Pharmacy,,,,,2024-07-09 23:04:46,2024-08-22 16:33:26
20262000000263673,20262000000035001,Capital Chemist Kambah,,,,,2024-07-09 23:04:46,2024-08-22 16:33:05
20262000000263676,20262000000035001,Priceline Pharmacy Maryborough,,,,,2024-07-09 23:04:46,2024-08-22 16:33:01
20262000000263679,20262000000035001,Duc Nguyen,,,,,2024-07-09 23:04:46,2024-09-12 15:21:45
20262000000263682,20262000000035001,Ali Bazzi,,,,,2024-07-09 23:04:46,2024-09-12 15:21:45
20262000000263685,20262000000035001,Rayan Assaf,,,,,2024-07-09 23:04:46,2024-09-12 15:21:45
20262000000263688,20262000000035001,Hayley Jones,,,,,2024-07-09 23:04:46,2024-09-12 15:21:45
20262000000263691,20262000000035001,Hadise Ansari,,,,,2024-07-09 23:04:46,2024-09-12 15:21:45
20262000000263694,20262000000035001,Charles Beovich,,,,,2024-07-09 23:04:46,2024-09-12 15:21:45
20262000000263697,20262000000035001,Ruxso Pharmacy,,,,,2024-07-09 23:04:46,2024-08-22 16:33:23
2.0262E+16,20262000000035001,Jasmyn Fail,,,,,2024-07-09 23:04:46,2024-09-12 15:21:45
20262000000263703,20262000000035001,Grace Wan,,,,,2024-07-09 23:04:46,2024-09-12 15:21:45
20262000000263706,20262000000035001,Tinashe Chikosi,,,,,2024-07-09 23:04:46,2024-09-12 15:21:45
20262000000263709,20262000000035001,Muhamad Al Saidy,,,,,2024-07-09 23:04:46,2024-09-12 15:21:45
20262000000263712,20262000000035001,Alexandra Peterson,,,,,2024-07-09 23:04:46,2024-09-12 15:21:45
20262000000263715,20262000000035001,Priceline Pharmacy Adelaide City,,,,,2024-07-09 23:04:46,2024-08-22 16:33:00
20262000000263718,20262000000035001,Maryam Shahzad,,,,,2024-07-09 23:04:46,2024-09-12 15:21:45
20262000000263721,20262000000035001,Robyn Kelly,,,,,2024-07-09 23:04:46,2024-09-12 15:21:45
20262000000263724,20262000000035001,Releaf Dispensary West End,,,,,2024-07-09 23:04:46,2024-08-22 16:33:18
20262000000263727,20262000000035001,Vitality Pharmacy Warehouse Calliope,,,,,2024-07-09 23:04:46,2024-08-22 16:33:22
20262000000263730,20262000000035001,Moustafa Waly,,,,,2024-07-09 23:04:46,2024-09-12 15:21:45
20262000000263733,20262000000035001,Xi Qern Egan Leong,,,,,2024-07-09 23:04:46,2024-09-12 15:21:45
20262000000263736,20262000000035001,Vandana Jugran,,,,,2024-07-09 23:04:46,2024-09-12 15:21:45
20262000000263739,20262000000035001,Jocelyn Bryan,,,,,2024-07-09 23:04:46,2024-09-12 15:21:46
20262000000263742,20262000000035001,Ngo Thi Nguyen,,,,,2024-07-09 23:04:46,2024-09-12 15:21:46
20262000000263745,20262000000035001,Vedkrita Devi Anand Tularam,,,,,2024-07-09 23:04:46,2024-09-12 15:21:46
20262000000263748,20262000000035001,Santosh Ghale,,,,,2024-07-09 23:04:46,2024-09-12 15:21:46
20262000000263751,20262000000035001,bronagh Macklin,,,,,2024-07-09 23:04:46,2024-09-12 15:21:46
20262000000263754,20262000000035001,Yuen ting Choi,,,,,2024-07-09 23:04:46,2024-09-12 15:21:46
20262000000263757,20262000000035001,Bhavi Mitesh Dabasia,,,,,2024-07-09 23:04:46,2024-09-12 15:21:46
20262000000263760,20262000000035001,Aarti Khatri,,,,,2024-07-09 23:04:46,2024-09-12 15:21:46
20262000000263763,20262000000035001,Zaynal Hawa,,,,,2024-07-09 23:04:46,2024-09-12 15:21:46
20262000000263766,20262000000035001,Tsung Wai Mak,,,,,2024-07-09 23:04:46,2024-09-12 15:21:46
20262000000263769,20262000000035001,Woon Siew Wong,,,,,2024-07-09 23:04:46,2024-09-12 15:21:46
20262000000263772,20262000000035001,Usha Saharan,,,,,2024-07-09 23:04:46,2024-09-12 15:21:46
20262000000263775,20262000000035001,Lourds Sharniya Francis,,,,,2024-07-09 23:04:46,2024-09-12 15:21:46
20262000000263778,20262000000035001,Julian Palma,,,,,2024-07-09 23:04:46,2024-09-12 15:21:46
20262000000263781,20262000000035001,Maryam Izadi,,,,,2024-07-09 23:04:46,2024-09-12 15:21:46
20262000000263784,20262000000035001,Thanh Hang Bui,,,,,2024-07-09 23:04:46,2024-09-12 15:21:46
20262000000263787,20262000000035001,Andrew Khella,,,,,2024-07-09 23:04:46,2024-09-12 15:21:46
20262000000263790,20262000000035001,Suzan Aldeeb,,,,,2024-07-09 23:04:46,2024-09-12 15:21:46
20262000000263793,20262000000035001,Sugantha Mayuran,,,,,2024-07-09 23:04:46,2024-09-12 15:21:46
20262000000263796,20262000000035001,Nikolina Vojvodic,,,,,2024-07-09 23:04:46,2024-09-12 15:21:46
20262000000263799,20262000000035001,Priyanka Mary Sanjeev,,,,,2024-07-09 23:04:46,2024-09-12 15:21:46
20262000000263802,20262000000035001,Nikolina Vojvodic,,,,,2024-07-09 23:04:45,2024-07-09 23:04:45
20262000000263805,20262000000035001,Alexander Bulmer,,,,,2024-07-09 23:04:46,2024-09-12 15:21:46
20262000000263808,20262000000035001,Shook Ling Kueh,,,,,2024-07-09 23:04:46,2024-09-12 15:21:46
20262000000263811,20262000000035001,Belmin Bajrektarevic,,,,,2024-07-09 23:04:46,2024-09-12 15:21:46
20262000000263814,20262000000035001,Nelson's Pharmacy Glenroy,,,,,2024-07-09 23:04:46,2024-08-22 16:33:21
20262000000263817,20262000000035001,Dhara Avanindra Ganatra,,,,,2024-07-09 23:04:46,2024-09-12 15:21:46
20262000000263820,20262000000035001,Didar Norouzi,,,,,2024-07-09 23:04:46,2024-09-12 15:21:46
20262000000263823,20262000000035001,Jackie Ly,,,,,2024-07-09 23:04:46,2024-09-12 15:21:46
20262000000263826,20262000000035001,Tia Lunn-McNally,,,,,2024-07-09 23:04:46,2024-09-12 15:21:47
20262000000263829,20262000000035001,Advantage Pharmacy Maclean Advantage Pharmacy Maclean,,,,,2024-07-09 23:04:46,2024-09-12 15:21:47
20262000000263832,20262000000035001,Healthsave Jacare Family Pharmacy,,,,,2024-07-09 23:04:46,2024-08-22 16:33:03
20262000000263835,20262000000035001,Fassifern Pharmacy,,,,,2024-07-09 23:04:46,2024-08-22 16:33:13
20262000000263838,20262000000035001,Sayed Ali Jawad Roshan Zada,,,,,2024-07-09 23:04:46,2024-09-12 15:21:47
20262000000263841,20262000000035001,Kyrillos Boules,,,,,2024-07-09 23:04:46,2024-09-12 15:21:47
20262000000263844,20262000000035001,Vincent Lin,,,,,2024-07-09 23:04:46,2024-09-12 15:21:47
20262000000263847,20262000000035001,Junting Wei,,,,,2024-07-09 23:04:46,2024-09-12 15:21:47
20262000000263850,20262000000035001,Deepak Bhatt,,,,,2024-07-09 23:04:46,2024-09-12 15:21:47
20262000000263853,20262000000035001,Luqman Mafawalla,,,,,2024-07-09 23:04:46,2024-09-12 15:21:47
20262000000263856,20262000000035001,Silvana Trantino,,,,,2024-07-09 23:04:46,2024-09-12 15:21:47
20262000000263859,20262000000035001,Burringbar Pharmacy Burringbar Pharmacy,,,,,2024-07-09 23:04:46,2024-09-12 15:21:47
20262000000263862,20262000000035001,Gerard Hawthorn,,,,,2024-07-09 23:04:46,2024-09-12 15:21:47
20262000000263865,20262000000035001,Mina Kaldas,,,,,2024-07-09 23:04:46,2024-09-12 15:21:47
20262000000263868,20262000000035001,Saqib Mehmood,,,,,2024-07-09 23:04:46,2024-09-12 15:21:47
20262000000263871,20262000000035001,Allied Health Locums Pty Ltd,,,,,2024-07-09 23:04:45,2024-07-09 23:04:45
20262000000288013,20262000000035001,Test Account,,,,,2024-07-09 23:18:02,2024-07-10 16:09:37
20262000000288027,20262000000035001,Testing Account 2,,,,,2024-07-09 23:29:32,2024-09-12 15:21:47
20262000000288055,20262000000035001,Test Account 7/10,,,,,2024-07-10 16:06:20,2024-09-12 15:21:47
20262000000288069,20262000000035001,Test Account 1 7/10,,,,,2024-07-10 16:09:12,2024-09-12 15:21:47
20262000000544001,20262000000035001,TerryWhite Chemmart Kawana Shoppingworld 1,,,,,2024-08-22 16:32:58,2024-08-22 16:32:58
20262000000544021,20262000000035001,Viewbank Pharmacy,,,,,2024-08-22 16:32:58,2024-08-22 16:32:58
20262000000544023,20262000000035001,Bentleigh centre,,,,,2024-08-22 16:32:58,2024-08-22 16:32:58
20262000000544025,20262000000035001,souzitte@yahoo.com,,,,,2024-08-22 16:32:58,2024-08-22 16:32:58
20262000000544074,20262000000035001,Direct Chemist Outlet Wantirna,,,,,2024-08-22 16:32:58,2024-08-22 16:32:58
20262000000544089,20262000000035001,Kimberley Pharmacy Services,,,,,2024-08-22 16:32:58,2024-08-22 16:32:58
20262000000544109,20262000000035001,Morawa Pharmacy,,,,,2024-08-22 16:32:58,2024-08-22 16:32:58
20262000000544111,20262000000035001,m.siddig7514@gmail.com,,,,,2024-08-22 16:32:58,2024-08-22 16:32:58
20262000000544143,20262000000035001,Civic pharmacy,,,,,2024-08-22 16:32:58,2024-08-22 16:32:58
20262000000544187,20262000000035001,healthlinkpharmacy@starpharmacy.com.au,,,,,2024-08-22 16:32:58,2024-08-22 16:32:58
20262000000544189,20262000000035001,Harrington Waters,,,,,2024-08-22 16:32:58,2024-08-22 16:32:58
20262000000544221,20262000000035001,Eastside Pharmacy,,,,,2024-08-22 16:32:58,2024-08-22 16:32:58
20262000000544247,20262000000035001,TerryWhite Chemmart Narangba,,,,,2024-08-22 16:32:59,2025-05-01 22:00:02
20262000000544273,20262000000035001,Priceline Bribie Island,,,,,2024-08-22 16:32:59,2024-08-22 16:32:59
20262000000544293,20262000000035001,ljoshia@hotmail.com,,,,,2024-08-22 16:32:59,2024-08-22 16:32:59
20262000000544319,20262000000035001,TerryWhite Chemmart Chittaway,,,,,2024-08-22 16:32:59,2024-08-22 16:32:59
20262000000544321,20262000000035001,warringah@alchemigroup.com.au,,,,,2024-08-22 16:32:59,2024-08-22 16:32:59
20262000000544351,20262000000035001,Pharmacy Business Manager QLD,,,,,2024-08-22 16:32:59,2024-08-22 16:32:59
20262000000544379,20262000000035001,Fresh Therapeutics,,,,,2024-08-22 16:32:59,2024-08-22 16:32:59
20262000000544381,20262000000035001,Scaffidi Pharmacy Services,,,,,2024-08-22 16:32:59,2024-08-22 16:32:59
20262000000544427,20262000000035001,Frankston South Discount Chemist,,,,,2024-08-22 16:32:59,2024-08-22 16:32:59
20262000000544429,20262000000035001,Thursday Island Pharmacy,,,,,2024-08-22 16:32:59,2024-08-22 16:32:59
20262000000544461,20262000000035001,Portland Amcal Pharmacy VIC,,,,,2024-08-22 16:32:59,2024-08-22 16:32:59
20262000000544463,20262000000035001,DCO Brunswick East,,,,,2024-08-22 16:32:59,2024-08-22 16:32:59
20262000000544495,20262000000035001,CWH Brookvale,,,,,2024-08-22 16:32:59,2024-08-22 16:32:59
20262000000544515,20262000000035001,amcal mackie pharmacy,,,,,2024-08-22 16:32:59,2024-08-22 16:32:59
20262000000544517,20262000000035001,bahrami1348@gmail.com,,,,,2024-08-22 16:32:59,2024-08-22 16:32:59
20262000000544547,20262000000035001,Pharmacy-4-Less,,,,,2024-08-22 16:32:59,2024-08-22 16:32:59
20262000000544553,20262000000035001,Pure Chemist,,,,,2024-08-22 16:32:59,2024-08-22 16:32:59
20262000000544577,20262000000035001,Pharmacy ABC,,,,,2024-08-22 16:32:59,2024-08-22 16:32:59
20262000000544579,20262000000035001,Direct Chemist Outlet Somerville Plaza,,,,,2024-08-22 16:32:59,2024-08-22 16:32:59
20262000000544593,20262000000035001,jennifer.rawlings@pharmacyalliance.com.au,,,,,2024-08-22 16:32:59,2024-08-22 16:32:59
20262000000544607,20262000000035001,Pharmacy Central Bargara,,,,,2024-08-22 16:32:59,2024-08-22 16:32:59
20262000000544651,20262000000035001,Terry white,,,,,2024-08-22 16:33:00,2024-08-22 16:33:00
20262000000544671,20262000000035001,Cate's Chemist,,,,,2024-08-22 16:33:00,2024-08-22 16:33:00
20262000000544673,20262000000035001,rajeshsthas2@gmail.com,,,,,2024-08-22 16:33:00,2024-08-22 16:33:00
20262000000544688,20262000000035001,mjgray@bigpond.com,,,,,2024-08-22 16:33:00,2024-08-22 16:33:00
20262000000544719,20262000000035001,Medicines R Us Chemist,,,,,2024-08-22 16:33:00,2024-08-22 16:33:00
20262000000544738,20262000000035001,Woodrising Pharmacy,,,,,2024-08-22 16:33:00,2024-08-22 16:33:00
20262000000544741,20262000000035001,Terrywhite Chemmart Runawaybay Shopping Centre,,,,,2024-08-22 16:33:00,2024-08-22 16:33:00
20262000000544787,20262000000035001,Chemist outlet Umina Beach,,,,,2024-08-22 16:33:00,2024-08-22 16:33:00
20262000000544807,20262000000035001,macgemma23@icloud.com,,,,,2024-08-22 16:33:00,2024-08-22 16:33:00
20262000000544809,20262000000035001,Warialda Pharmacy,,,,,2024-08-22 16:33:00,2024-08-22 16:33:00
20262000000544839,20262000000035001,Casey Priceline Pharmacy,,,,,2024-08-22 16:33:00,2024-08-22 16:33:00
20262000000544843,20262000000035001,DCO Highton,,,,,2024-08-22 16:33:00,2024-08-22 16:33:00
20262000000544893,20262000000035001,Healthicare,,,,,2024-08-22 16:33:00,2024-08-22 16:33:00
20262000000544925,20262000000035001,Circle on Cavill Chempro,,,,,2024-08-22 16:33:00,2024-08-22 16:33:00
20262000000544951,20262000000035001,Mt Colah Pharmacy,,,,,2024-08-22 16:33:01,2024-08-22 16:33:01
20262000000544977,20262000000035001,locumate1@theinfinitygroup.net.au,,,,,2024-08-22 16:33:01,2024-08-22 16:33:01
20262000000544997,20262000000035001,Ventura,,,,,2024-08-22 16:33:01,2024-08-22 16:33:01
20262000000546017,20262000000035001,sahilrehman266@gmail.com,,,,,2024-08-22 16:33:01,2024-08-22 16:33:01
20262000000546019,20262000000035001,Harrington Beach,,,,,2024-08-22 16:33:01,2024-08-22 16:33:01
20262000000546033,20262000000035001,testLocumatePharmacy,,,,,2024-08-22 16:33:01,2024-08-22 16:33:01
20262000000546071,20262000000035001,Loch sport pharmacy,,,,,2024-08-22 16:33:01,2024-08-22 16:33:01
20262000000546073,20262000000035001,Blooms the Chemist Casey Central,,,,,2024-08-22 16:33:01,2024-08-22 16:33:01
20262000000546099,20262000000035001,Eastwood night and day pharmacy,,,,,2024-08-22 16:33:01,2024-08-22 16:33:01
20262000000546131,20262000000035001,TerryWhite Chemmart My Centre Nerang,,,,,2024-08-22 16:33:01,2024-08-22 16:33:01
20262000000546159,20262000000035001,FriendlyCare Pharmacy Sandgate,,,,,2024-08-22 16:33:01,2024-08-22 16:33:01
20262000000546185,20262000000035001,*Glenmore Priceline Pharmacy,,,,,2024-08-22 16:33:01,2024-08-22 16:33:01
20262000000546187,20262000000035001,ABC Pharma,,,,,2024-08-22 16:33:01,2024-08-22 16:33:01
20262000000546219,20262000000035001,Priceline Pharmacy Campbelltown Mall,,,,,2024-08-22 16:33:01,2024-08-22 16:33:01
20262000000546221,20262000000035001,lynnebin33@gmail.com,,,,,2024-08-22 16:33:01,2024-08-22 16:33:01
20262000000546235,20262000000035001,torquay@theinfinitygroup.net.au,,,,,2024-08-22 16:33:01,2024-08-22 16:33:01
20262000000546249,20262000000035001,Amcal Ormond Pharmacy,,,,,2024-08-22 16:33:01,2024-08-22 16:33:01
20262000000546265,20262000000035001,Star Discount Chemist Booval,,,,,2024-08-22 16:33:01,2024-08-22 16:33:01
20262000000546277,20262000000035001,pialba@theinfinitygroup.net.au,,,,,2024-08-22 16:33:02,2024-08-22 16:33:02
20262000000546303,20262000000035001,eoyberman@gmail.com,,,,,2024-08-22 16:33:02,2024-08-22 16:33:02
20262000000546305,20262000000035001,John Mitchell Pharmacy,,,,,2024-08-22 16:33:02,2024-08-22 16:33:02
20262000000546337,20262000000035001,Andrew's Pharmacy,,,,,2024-08-22 16:33:02,2024-08-22 16:33:02
20262000000546339,20262000000035001,Priceline Pharmacy Moranbah,,,,,2024-08-22 16:33:02,2024-08-22 16:33:02
20262000000546383,20262000000035001,Albany Dog Rock Chemist,,,,,2024-08-22 16:33:02,2024-08-22 16:33:02
20262000000546407,20262000000035001,Chemist Outlet Bundaberg,,,,,2024-08-22 16:33:02,2024-08-22 16:33:02
20262000000546429,20262000000035001,Dexeption bay discount drug syore,,,,,2024-08-22 16:33:02,2024-08-22 16:33:02
20262000000546449,20262000000035001,Simply Pharmacy,,,,,2024-08-22 16:33:02,2024-08-22 16:33:02
20262000000546451,20262000000035001,TerryWhite Chemmart Sunshine Plaza,,,,,2024-08-22 16:33:02,2024-08-22 16:33:02
20262000000546465,20262000000035001,*Parkhurst Priceline Pharmacy,,,,,2024-08-22 16:33:02,2024-08-22 16:33:02
20262000000546513,20262000000035001,Howlong Community Pharmacy,,,,,2024-08-22 16:33:02,2024-08-22 16:33:02
20262000000546517,20262000000035001,Priceline Pharmacy Bourke St West,,,,,2024-08-22 16:33:02,2024-08-22 16:33:02
20262000000546561,20262000000035001,Southtown Pharmacy,,,,,2024-08-22 16:33:03,2024-08-22 16:33:03
20262000000546563,20262000000035001,Meadows Pharmacy,,,,,2024-08-22 16:33:03,2024-08-22 16:33:03
20262000000546601,20262000000035001,kingsgrove@cincottadiscountchemist.com.au,,,,,2024-08-22 16:33:03,2024-08-22 16:33:03
20262000000546603,20262000000035001,Oranamall pharmacy,,,,,2024-08-22 16:33:03,2024-08-22 16:33:03
20262000000546619,20262000000035001,DIRECT CHEMIST OUTLET WALLAN,,,,,2024-08-22 16:33:03,2024-08-22 16:33:03
20262000000546673,20262000000035001,No pharmacy,,,,,2024-08-22 16:33:03,2024-08-22 16:33:03
20262000000546675,20262000000035001,jack@betterlife.com.au,,,,,2024-08-22 16:33:03,2024-08-22 16:33:03
20262000000546706,20262000000035001,Emerald Village Pharmacy,,,,,2024-08-22 16:33:03,2024-08-22 16:33:03
20262000000546710,20262000000035001,Above and Beyond Discount Chemist,,,,,2024-08-22 16:33:03,2024-08-22 16:33:03
20262000000546741,20262000000035001,Direct Chemist Outlet Point Cook,,,,,2024-08-22 16:33:03,2024-08-22 16:33:03
20262000000546760,20262000000035001,Stradbroke Phamacy,,,,,2024-08-22 16:33:03,2024-08-22 16:33:03
20262000000546775,20262000000035001,Advantage Pharmacy Ontario,,,,,2024-08-22 16:33:03,2024-08-22 16:33:03
20262000000546777,20262000000035001,Leeton Amcal,,,,,2024-08-22 16:33:03,2024-08-22 16:33:03
20262000000546815,20262000000035001,timbsph@bigpond.net.au,,,,,2024-08-22 16:33:04,2024-08-22 16:33:04
20262000000546841,20262000000035001,steven.kastrinakis@primepharmacy.com.au,,,,,2024-08-22 16:33:04,2024-08-22 16:33:04
20262000000546855,20262000000035001,Direct chemist outlet henna st,,,,,2024-08-22 16:33:04,2024-08-22 16:33:04
20262000000546857,20262000000035001,Castletown Chemist,,,,,2024-08-22 16:33:04,2024-08-22 16:33:04
20262000000546889,20262000000035001,Direct Chemist Outlet Cheltenham,,,,,2024-08-22 16:33:04,2024-08-22 16:33:04
20262000000546921,20262000000035001,Direct Chemist Outlet Dingley,,,,,2024-08-22 16:33:04,2024-08-22 16:33:04
20262000000546941,20262000000035001,Terry White Chemmart Valley Metro,,,,,2024-08-22 16:33:04,2024-08-22 16:33:04
20262000000546961,20262000000035001,Priceline Pharmacy Bentleigh,,,,,2024-08-22 16:33:04,2024-08-22 16:33:04
20262000000546963,20262000000035001,Pharmacy NEO Port Fairy,,,,,2024-08-22 16:33:04,2024-08-22 16:33:04
20262000000546995,20262000000035001,Tocumwal Pharmacy,,,,,2024-08-22 16:33:04,2024-08-22 16:33:04
20262000000547025,20262000000035001,Priceline Pharmacy Warragul,,,,,2024-08-22 16:33:04,2024-08-22 16:33:04
20262000000547029,20262000000035001,Your Chemist Shop,,,,,2024-08-22 16:33:04,2024-08-22 16:33:04
20262000000547045,20262000000035001,saadskndr@gmail.com,,,,,2024-08-22 16:33:04,2024-08-22 16:33:04
20262000000547057,20262000000035001,hr@doouglaschemists.com.au,,,,,2024-08-22 16:33:04,2024-08-22 16:33:04
20262000000547095,20262000000035001,anjana21.naphray@gmail.com,,,,,2024-08-22 16:33:04,2024-08-22 16:33:04
20262000000547115,20262000000035001,Florae dispensary,,,,,2024-08-22 16:33:04,2024-08-22 16:33:04
20262000000547141,20262000000035001,eliwaters@theinfinitygroup.net.au,,,,,2024-08-22 16:33:05,2024-08-22 16:33:05
20262000000547143,20262000000035001,Yarram Pharmacy,,,,,2024-08-22 16:33:05,2024-08-22 16:33:05
20262000000547157,20262000000035001,Flinders,,,,,2024-08-22 16:33:05,2024-08-22 16:33:05
20262000000547171,20262000000035001,Blooms The Chemist Wyong,,,,,2024-08-22 16:33:05,2024-08-22 16:33:05
20262000000547209,20262000000035001,*Meadowbrook Discount Drug Store,,,,,2024-08-22 16:33:05,2024-08-22 16:33:05
20262000000547211,20262000000035001,Williams Valley Pharmacy,,,,,2024-08-22 16:33:05,2024-08-22 16:33:05
20262000000547243,20262000000035001,Kempsey West,,,,,2024-08-22 16:33:05,2024-08-22 16:33:05
20262000000547275,20262000000035001,Direct Chemist outlet Hampton Park Medical,,,,,2024-08-22 16:33:05,2024-08-22 16:33:05
20262000000547277,20262000000035001,Calanna Pharmacy North Cairns,,,,,2024-08-22 16:33:05,2024-08-22 16:33:05
20262000000547309,20262000000035001,Direct chemist outlet Pakenham,,,,,2024-08-22 16:33:05,2024-08-22 16:33:05
20262000000547335,20262000000035001,Jayeshk1977@gmail.com,,,,,2024-08-22 16:33:05,2024-08-22 16:33:05
20262000000547349,20262000000035001,mathswithjess@gmail.com,,,,,2024-08-22 16:33:05,2024-08-22 16:33:05
20262000000547375,20262000000035001,werribee.central@directchemistoutlet.com,,,,,2024-08-22 16:33:05,2024-08-22 16:33:05
20262000000547405,20262000000035001,m2miller@optusnet.com.au,,,,,2024-08-22 16:33:05,2024-08-22 16:33:05
20262000000547439,20262000000035001,sherean@iprimus.com.ah,,,,,2024-08-22 16:33:05,2024-08-22 16:33:05
20262000000547441,20262000000035001,Bradfordville Pharmacy,,,,,2024-08-22 16:33:05,2024-08-22 16:33:05
20262000000547467,20262000000035001,Direct Chemist Outlet Coburg North,,,,,2024-08-22 16:33:06,2024-08-22 16:33:06
20262000000547487,20262000000035001,abhical25@hotmail.com,,,,,2024-08-22 16:33:06,2024-08-22 16:33:06
20262000000547489,20262000000035001,Robina Good Price Pharmacy Warehouse,,,,,2024-08-22 16:33:06,2024-08-22 16:33:06
20262000000547515,20262000000035001,cherin.bazzi@outlook.com,,,,,2024-08-22 16:33:06,2024-08-22 16:33:06
20262000000547517,20262000000035001,Shree sai pharmacy,,,,,2024-08-22 16:33:06,2024-08-22 16:33:06
20262000000547549,20262000000035001,CDC Parkhill,,,,,2024-08-22 16:33:06,2024-08-22 16:33:06
20262000000547551,20262000000035001,Pharmacy 4 You,,,,,2024-08-22 16:33:06,2024-08-22 16:33:06
20262000000547595,20262000000035001,Dunrobin Road Pharmacy,,,,,2024-08-22 16:33:06,2024-08-22 16:33:06
20262000000547615,20262000000035001,Chemist Discount Centre Mackay,,,,,2024-08-22 16:33:06,2024-08-22 16:33:06
20262000000547617,20262000000035001,cincottahp@gmail.com,,,,,2024-08-22 16:33:06,2024-08-22 16:33:06
20262000000547655,20262000000035001,Chemist Discount Centre Morwell,,,,,2024-08-22 16:33:06,2024-08-22 16:33:06
20262000000547657,20262000000035001,Discount Pharmacy Australia ripponlea,,,,,2024-08-22 16:33:06,2024-08-22 16:33:06
20262000000547671,20262000000035001,Crofton Street Pharmacy,,,,,2024-08-22 16:33:06,2024-08-22 16:33:06
20262000000547709,20262000000035001,North Haven Pharmacy,,,,,2024-08-22 16:33:06,2024-08-22 16:33:06
20262000000547729,20262000000035001,Wizard Pharmacy Perth,,,,,2024-08-22 16:33:06,2024-08-22 16:33:06
20262000000547743,20262000000035001,ahmad.dimacy@gmail.com,,,,,2024-08-22 16:33:06,2024-08-22 16:33:06
20262000000547745,20262000000035001,Nowra Good Price Pharmacy Warehouse,,,,,2024-08-22 16:33:06,2024-08-22 16:33:06
20262000000547781,20262000000035001,admin@healthinfoo.com.au,,,,,2024-08-22 16:33:06,2024-08-22 16:33:06
20262000000547785,20262000000035001,domenic@lygoneverydaychemist.com.au,,,,,2024-08-22 16:33:06,2024-08-22 16:33:06
20262000000547799,20262000000035001,shrikesh@theinfinitygroup.net.au,,,,,2024-08-22 16:33:06,2024-08-22 16:33:06
20262000000547831,20262000000035001,newsteadpharmacylpo@outlook.com,,,,,2024-08-22 16:33:06,2024-08-22 16:33:06
20262000000547857,20262000000035001,Pharmacare,,,,,2024-08-22 16:33:07,2024-08-22 16:33:07
20262000000547889,20262000000035001,speirs@tpg.com.au,,,,,2024-08-22 16:33:07,2024-08-22 16:33:07
20262000000547891,20262000000035001,Hive Compounding,,,,,2024-08-22 16:33:07,2024-08-22 16:33:07
20262000000547929,20262000000035001,Bamaga Pharmacy,,,,,2024-08-22 16:33:07,2024-08-22 16:33:07
20262000000547949,20262000000035001,redwar06@hotmail.com,,,,,2024-08-22 16:33:07,2024-08-22 16:33:07
20262000000547969,20262000000035001,dinakamalhana@gmail.com,,,,,2024-08-22 16:33:07,2024-08-22 16:33:07
20262000000547971,20262000000035001,Wallan Direct Chemist Outlet,,,,,2024-08-22 16:33:07,2024-08-22 16:33:07
20262000000548009,20262000000035001,TerryWhite Chemmart Coorparoo,,,,,2024-08-22 16:33:07,2024-08-22 16:33:07
20262000000548035,20262000000035001,kawungan@theinfinitygroup.net.au,,,,,2024-08-22 16:33:07,2024-08-22 16:33:07
20262000000548037,20262000000035001,Direct chemist outlet Saltwater,,,,,2024-08-22 16:33:07,2024-08-22 16:33:07
20262000000548051,20262000000035001,Direct chemist outlet Central Highlands,,,,,2024-08-22 16:33:07,2024-08-22 16:33:07
20262000000548083,20262000000035001,Bell Park Plaza,,,,,2024-08-22 16:33:07,2024-08-22 16:33:07
20262000000548097,20262000000035001,montagues@iinet.net.au,,,,,2024-08-22 16:33:08,2024-08-22 16:33:08
20262000000548117,20262000000035001,steve@hwpharmacy.comn.au,,,,,2024-08-22 16:33:08,2024-08-22 16:33:08
20262000000548137,20262000000035001,Gorokan Pharmacy,,,,,2024-08-22 16:33:08,2024-08-22 16:33:08
20262000000548157,20262000000035001,Pharmacy 4 Less Bell Park,,,,,2024-08-22 16:33:08,2024-08-22 16:33:08
20262000000548183,20262000000035001,ayush@gmail.com,,,,,2024-08-22 16:33:08,2024-08-22 16:33:08
20262000000548215,20262000000035001,Life Pharmacy Forbes,,,,,2024-08-22 16:33:08,2024-08-22 16:33:08
20262000000548241,20262000000035001,rafiyafatima02@gmail.com,,,,,2024-08-22 16:33:08,2024-08-22 16:33:08
20262000000548261,20262000000035001,Taroom Pharmacy,,,,,2024-08-22 16:33:08,2024-08-22 16:33:08
20262000000548293,20262000000035001,Your community pharmacy Newport,,,,,2024-08-22 16:33:08,2024-08-22 16:33:08
20262000000548311,20262000000035001,Minetts Pharmacy,,,,,2024-08-22 16:33:08,2024-08-22 16:33:08
20262000000548315,20262000000035001,Direct Chemist Outlet Balwyn,,,,,2024-08-22 16:33:08,2024-08-22 16:33:08
20262000000548347,20262000000035001,guyra pharmacy,,,,,2024-08-22 16:33:08,2024-08-22 16:33:08
20262000000548367,20262000000035001,Kempsey,,,,,2024-08-22 16:33:08,2024-08-22 16:33:08
20262000000548369,20262000000035001,zlazarou@marraboorpharmacy.com.au,,,,,2024-08-22 16:33:08,2024-08-22 16:33:08
20262000000548399,20262000000035001,Hillarys Community Pharmacy,,,,,2024-08-22 16:33:08,2024-08-22 16:33:08
20262000000548403,20262000000035001,paismelissa23@gmail.com,,,,,2024-08-22 16:33:08,2024-08-22 16:33:08
20262000000548417,20262000000035001,St George Pharmacy,,,,,2024-08-22 16:33:09,2024-08-22 16:33:09
20262000000548449,20262000000035001,Lawson Pharmacy,,,,,2024-08-22 16:33:09,2024-08-22 16:33:09
20262000000548451,20262000000035001,Square Pharmaceutical Ltd.,,,,,2024-08-22 16:33:09,2024-08-22 16:33:09
20262000000548483,20262000000035001,Ron Dunford Chemist,,,,,2024-08-22 16:33:09,2024-08-22 16:33:09
20262000000548485,20262000000035001,Healthy Herds Pty Ltd,,,,,2024-08-22 16:33:09,2024-08-22 16:33:09
20262000000548523,20262000000035001,Pharma2,,,,,2024-08-22 16:33:09,2024-08-22 16:33:09
20262000000548525,20262000000035001,Allens Pharmacy,,,,,2024-08-22 16:33:09,2024-08-22 16:33:09
20262000000548528,20262000000035001,Terry White Chemmart Yarrawonga,,,,,2024-08-22 16:33:09,2024-08-22 16:33:09
20262000000548569,20262000000035001,Gayndah Pharmacy,,,,,2024-08-22 16:33:09,2024-08-22 16:33:09
20262000000548599,20262000000035001,Epping Pharmacy,,,,,2024-08-22 16:33:09,2024-08-22 16:33:09
20262000000548601,20262000000035001,Clyde Street Compounding Pharmacy,,,,,2024-08-22 16:33:09,2024-08-22 16:33:09
20262000000548605,20262000000035001,sherinsabu93@yahoo.com,,,,,2024-08-22 16:33:09,2024-08-22 16:33:09
20262000000548647,20262000000035001,Locumate16@theinfinitygroup.net.au,,,,,2024-08-22 16:33:09,2024-08-22 16:33:09
20262000000548667,20262000000035001,bmoustafa236@gmail.com,,,,,2024-08-22 16:33:09,2024-08-22 16:33:09
20262000000548669,20262000000035001,Narregate Pharmacy,,,,,2024-08-22 16:33:09,2024-08-22 16:33:09
20262000000548717,20262000000035001,Discount Drug Store Nanango,,,,,2024-08-22 16:33:10,2024-08-22 16:33:10
20262000000548721,20262000000035001,Hacienda Pharmacy,,,,,2024-08-22 16:33:10,2024-08-22 16:33:10
20262000000548759,20262000000035001,Deception Bay Discount Drug Store,,,,,2024-08-22 16:33:10,2024-08-22 16:33:10
20262000000548761,20262000000035001,sumaiyyazafar01@gmail.com,,,,,2024-08-22 16:33:10,2024-08-22 16:33:10
20262000000548805,20262000000035001,zeeshan334434@gmail.com,,,,,2024-08-22 16:33:10,2024-08-22 16:33:10
20262000000548809,20262000000035001,Rosalie Village Pharmacy,,,,,2024-08-22 16:33:10,2024-08-22 16:33:10
20262000000548821,20262000000035001,Mundubbera Pharmacy,,,,,2024-08-22 16:33:10,2024-08-22 16:33:10
20262000000548883,20262000000035001,Express Pharmacy Mackay,,,,,2024-08-22 16:33:10,2024-08-22 16:33:10
20262000000548885,20262000000035001,Support office,,,,,2024-08-22 16:33:10,2024-08-22 16:33:10
20262000000548899,20262000000035001,bendigo@cdcpharmacy.com,,,,,2024-08-22 16:33:10,2024-08-22 16:33:10
20262000000548925,20262000000035001,Allambie Compounding Pharmacy,,,,,2024-08-22 16:33:10,2024-08-22 16:33:10
20262000000548951,20262000000035001,Direct Chemist Outlet Ocean Grove,,,,,2024-08-22 16:33:10,2024-08-22 16:33:10
20262000000548953,20262000000035001,TerryWhite Chemmart Garran,,,,,2024-08-22 16:33:10,2024-08-22 16:33:10
20262000000548957,20262000000035001,Calanna Pharmacy Edmonton,,,,,2024-08-22 16:33:10,2024-08-22 16:33:10
20262000000548999,20262000000035001,Direct Chemist Outlet Sapphire Marketplace,,,,,2024-08-22 16:33:11,2024-08-22 16:33:11
20262000000550017,20262000000035001,Direct Chemist Outlet Torrensville,,,,,2024-08-22 16:33:11,2024-08-22 16:33:11
20262000000550021,20262000000035001,Newstead pharmacy and post office,,,,,2024-08-22 16:33:11,2024-08-22 16:33:11
20262000000550035,20262000000035001,Intern Pharmacist,,,,,2024-08-22 16:33:11,2024-08-22 16:33:11
20262000000550073,20262000000035001,Marc Clavin Pharmacy,,,,,2024-08-22 16:33:11,2024-08-22 16:33:11
20262000000550105,20262000000035001,HartÃ¢â¬â¢s Pharmacy,,,,,2024-08-22 16:33:11,2024-08-22 16:33:11
20262000000550125,20262000000035001,Amcal Local Village Pharmacy Carrum Downs,,,,,2024-08-22 16:33:11,2024-08-22 16:33:11
20262000000550127,20262000000035001,Oakleigh Central Amcal Pharmacy,,,,,2024-08-22 16:33:11,2024-08-22 16:33:11
20262000000550163,20262000000035001,CateÃ¢â¬â¢s Chemist Garbutt,,,,,2024-08-22 16:33:11,2024-08-22 16:33:11
20262000000550203,20262000000035001,kasey.kandpharm@gmail.com,,,,,2024-08-22 16:33:11,2024-08-22 16:33:11
20262000000550241,20262000000035001,Orange Grove Road Pharmacy,,,,,2024-08-22 16:33:12,2024-08-22 16:33:12
20262000000550259,20262000000035001,sarabaigent@hotmail.com,,,,,2024-08-22 16:33:12,2024-08-22 16:33:12
20262000000550263,20262000000035001,Advantage Pharmacy Maclean,,,,,2024-08-22 16:33:12,2024-08-22 16:33:12
20262000000550277,20262000000035001,Oakey Community Pharmacy,,,,,2024-08-22 16:33:12,2024-08-22 16:33:12
20262000000550309,20262000000035001,Waratah,,,,,2024-08-22 16:33:12,2024-08-22 16:33:12
20262000000550329,20262000000035001,Advantage Pharmacy Maidstone,,,,,2024-08-22 16:33:12,2024-08-22 16:33:12
20262000000550349,20262000000035001,Murtoa Community Pharmacy,,,,,2024-08-22 16:33:12,2024-08-22 16:33:12
20262000000550369,20262000000035001,Chemist,,,,,2024-08-22 16:33:12,2024-08-22 16:33:12
20262000000550395,20262000000035001,Miegel's Pharmacy Corowa,,,,,2024-08-22 16:33:12,2024-08-22 16:33:12
20262000000550397,20262000000035001,andrew@northendpharmacy.com.au,,,,,2024-08-22 16:33:12,2024-08-22 16:33:12
20262000000550429,20262000000035001,Direct Chemist Outlet Mornington,,,,,2024-08-22 16:33:12,2024-08-22 16:33:12
20262000000550449,20262000000035001,DCO Warralily,,,,,2024-08-22 16:33:12,2024-08-22 16:33:12
20262000000550451,20262000000035001,West Gosford Pharmacy,,,,,2024-08-22 16:33:12,2024-08-22 16:33:12
20262000000550495,20262000000035001,Priceline Pharmacy Robina Upper,,,,,2024-08-22 16:33:12,2024-08-22 16:33:12
20262000000550497,20262000000035001,idoctayyab@gmail.com,,,,,2024-08-22 16:33:12,2024-08-22 16:33:12
20262000000550499,20262000000035001,Croydon Caremore Pharmacy,,,,,2024-08-22 16:33:12,2024-08-22 16:33:12
20262000000550525,20262000000035001,admin@chemistdepot.co,,,,,2024-08-22 16:33:12,2024-08-22 16:33:12
20262000000550539,20262000000035001,moorebankpharmacy@bigpond.com,,,,,2024-08-22 16:33:12,2024-08-22 16:33:12
20262000000550553,20262000000035001,Frankston South Discount Pharmacy,,,,,2024-08-22 16:33:12,2024-08-22 16:33:12
20262000000550585,20262000000035001,Tyabb Discount Pharmacy,,,,,2024-08-22 16:33:12,2024-08-22 16:33:12
20262000000550587,20262000000035001,TerryWhite Chemmart Woree,,,,,2024-08-22 16:33:12,2024-08-22 16:33:12
20262000000550603,20262000000035001,Gungahlin Square Priceline Pharmacy,,,,,2024-08-22 16:33:12,2024-08-22 16:33:12
20262000000550627,20262000000035001,Harrisfield Pharmacy,,,,,2024-08-22 16:33:13,2024-08-22 16:33:13
20262000000550671,20262000000035001,Astrid Dispensary,,,,,2024-08-22 16:33:13,2024-08-22 16:33:13
20262000000550691,20262000000035001,Amcal Max Albany,,,,,2024-08-22 16:33:13,2024-08-22 16:33:13
20262000000550693,20262000000035001,richmondpharmacyqld@gmail.com,,,,,2024-08-22 16:33:13,2024-08-22 16:33:13
20262000000550707,20262000000035001,Byford Pharmacy,,,,,2024-08-22 16:33:13,2024-08-22 16:33:13
20262000000550737,20262000000035001,Good Price Pharmacy Warehouse,,,,,2024-08-22 16:33:13,2024-08-22 16:33:13
20262000000550759,20262000000035001,TerryWhite Chemmart Korumburra (DNU),,,,,2024-08-22 16:33:13,2024-08-22 16:33:13
20262000000550791,20262000000035001,The Sydney Private Hospital,,,,,2024-08-22 16:33:13,2024-08-22 16:33:13
20262000000550811,20262000000035001,Cincotta Discount Chemist Wollongong,,,,,2024-08-22 16:33:13,2024-08-22 16:33:13
20262000000550813,20262000000035001,Yamba Soul Pattinson,,,,,2024-08-22 16:33:13,2024-08-22 16:33:13
20262000000550851,20262000000035001,Corner Amcal Bairnsdale,,,,,2024-08-22 16:33:13,2024-08-22 16:33:13
20262000000550853,20262000000035001,Greenwich Pharmacy,,,,,2024-08-22 16:33:13,2024-08-22 16:33:13
20262000000550855,20262000000035001,Jayson Atkins Pharmacy,,,,,2024-08-22 16:33:13,2024-08-22 16:33:13
20262000000550881,20262000000035001,Your Solution Compounding Pharmacy,,,,,2024-08-22 16:33:13,2024-08-22 16:33:13
20262000000550925,20262000000035001,Direct Chemist Outlet Croydon,,,,,2024-08-22 16:33:13,2024-08-22 16:33:13
20262000000550951,20262000000035001,b.elchami@live.com,,,,,2024-08-22 16:33:14,2024-08-22 16:33:14
20262000000550965,20262000000035001,qwe.gpt22022@gmail.com,,,,,2024-08-22 16:33:14,2024-08-22 16:33:14
20262000000550967,20262000000035001,Kuranda Pharmacy,,,,,2024-08-22 16:33:14,2024-08-22 16:33:14
20262000000551005,20262000000035001,ReidÃ¢â¬â¢s pharmacy,,,,,2024-08-22 16:33:14,2024-08-22 16:33:14
20262000000551025,20262000000035001,graeme@hazelpharma.com.au,,,,,2024-08-22 16:33:14,2024-08-22 16:33:14
20262000000551027,20262000000035001,The Infinity group,,,,,2024-08-22 16:33:14,2024-08-22 16:33:14
20262000000551041,20262000000035001,Priceline Pharmacy Gateways,,,,,2024-08-22 16:33:14,2024-08-22 16:33:14
20262000000551073,20262000000035001,Calanna Whole Health Pharmacy Currajong,,,,,2024-08-22 16:33:14,2024-08-22 16:33:14
20262000000551093,20262000000035001,CDC Churchill,,,,,2024-08-22 16:33:14,2024-08-22 16:33:14
20262000000551095,20262000000035001,Locumate6@theinfinitygroup.net.au,,,,,2024-08-22 16:33:14,2024-08-22 16:33:14
20262000000551109,20262000000035001,Priceline Moree,,,,,2024-08-22 16:33:14,2024-08-22 16:33:14
20262000000551141,20262000000035001,Kings Langley Discount Drug Store,,,,,2024-08-22 16:33:14,2024-08-22 16:33:14
20262000000551143,20262000000035001,Warracknabeal Pharmacy,,,,,2024-08-22 16:33:14,2024-08-22 16:33:14
20262000000551145,20262000000035001,Burringbar Pharmacy,,,,,2024-08-22 16:33:14,2024-08-22 16:33:14
20262000000551161,20262000000035001,Portland Guardian Pharmacy VIC,,,,,2024-08-22 16:33:14,2024-08-22 16:33:14
20262000000551203,20262000000035001,Mareeba Priceline Pharmacy,,,,,2024-08-22 16:33:14,2024-08-22 16:33:14
20262000000551229,20262000000035001,Awesome Pharmacy,,,,,2024-08-22 16:33:14,2024-08-22 16:33:14
20262000000551261,20262000000035001,strahanpharmacy@gmail.com,,,,,2024-08-22 16:33:15,2024-08-22 16:33:15
20262000000551287,20262000000035001,Tamar Village Pharmacy,,,,,2024-08-22 16:33:15,2024-08-22 16:33:15
20262000000551337,20262000000035001,Kings Meadows Day and Night phar,,,,,2024-08-22 16:33:15,2024-08-22 16:33:15
20262000000551339,20262000000035001,pricelinestocklands@theinfinitygroup.net.au,,,,,2024-08-22 16:33:15,2024-08-22 16:33:15
20262000000551375,20262000000035001,Carnes Hill Priceline Pharmacy,,,,,2024-08-22 16:33:15,2024-08-22 16:33:15
20262000000551397,20262000000035001,Direct Chemist Outlet Heidelberg West,,,,,2024-08-22 16:33:15,2024-08-22 16:33:15
20262000000551459,20262000000035001,Childers Pharmacy,,,,,2024-08-22 16:33:16,2024-08-22 16:33:16
20262000000551481,20262000000035001,Capital chemist Bowral,,,,,2024-08-22 16:33:16,2024-08-22 16:33:16
20262000000551483,20262000000035001,Priceline Pharmacy Dandenong Plaza (Shop L01),,,,,2024-08-22 16:33:16,2024-08-22 16:33:16
20262000000551487,20262000000035001,Q2 Medical Centre,,,,,2024-08-22 16:33:16,2024-08-22 16:33:16
20262000000551553,20262000000035001,ph0006@gmail.com,,,,,2024-08-22 16:33:16,2024-08-22 16:33:16
20262000000551583,20262000000035001,Priceline Pharmacy Williams Landing,,,,,2024-08-22 16:33:16,2024-08-22 16:33:16
20262000000551605,20262000000035001,davidc@starpharmacy.com.au,,,,,2024-08-22 16:33:16,2024-08-22 16:33:16
20262000000551607,20262000000035001,Pharmacy 4 Less M-City,,,,,2024-08-22 16:33:16,2024-08-22 16:33:16
20262000000551639,20262000000035001,Blooms the Chemist Bathurst Chase,,,,,2024-08-22 16:33:16,2024-08-22 16:33:16
20262000000551683,20262000000035001,Flannery’s Pharmacy,,,,,2024-08-22 16:33:17,2025-03-14 21:14:25
20262000000551685,20262000000035001,hbpriceline@theinfinitygroup.net.au,,,,,2024-08-22 16:33:16,2024-08-22 16:33:16
20262000000551699,20262000000035001,Chempro & Chemist Outlet Stores,,,,,2024-08-22 16:33:17,2024-08-22 16:33:17
20262000000551713,20262000000035001,lvernon333@gmail.com,,,,,2024-08-22 16:33:17,2024-08-22 16:33:17
20262000000551717,20262000000035001,test@adtest.com,,,,,2024-08-22 16:33:17,2024-08-22 16:33:17
20262000000551741,20262000000035001,Surge Test Pharma,,,,,2024-08-22 16:33:17,2024-08-22 16:33:17
20262000000551771,20262000000035001,Southport pharmacy,,,,,2024-08-22 16:33:17,2024-08-22 16:33:17
20262000000551793,20262000000035001,Nhill Pharmacy,,,,,2024-08-22 16:33:17,2024-08-22 16:33:17
20262000000551823,20262000000035001,plp.nowra@alchemi.com.au,,,,,2024-08-22 16:33:17,2024-08-22 16:33:17
20262000000551827,20262000000035001,Mel,,,,,2024-08-22 16:33:17,2024-08-22 16:33:17
20262000000551859,20262000000035001,kbkevin401@gmail.com,,,,,2024-08-22 16:33:17,2024-08-22 16:33:17
20262000000551891,20262000000035001,Chemist Warehouse Moorabbin,,,,,2024-08-22 16:33:17,2024-08-22 16:33:17
20262000000551893,20262000000035001,newstead pharmacy,,,,,2024-08-22 16:33:17,2024-08-22 16:33:17
20262000000551949,20262000000035001,eileen168@outlook.com,,,,,2024-08-22 16:33:17,2024-08-22 16:33:17
20262000000552011,20262000000035001,sd.turner10@gmail.com,,,,,2024-08-22 16:33:18,2024-08-22 16:33:18
20262000000552013,20262000000035001,Direct Chemist Outlet Featherbook,,,,,2024-08-22 16:33:18,2024-08-22 16:33:18
20262000000552045,20262000000035001,sandeepvnambiar@gmail.com,,,,,2024-08-22 16:33:18,2024-08-22 16:33:18
20262000000552047,20262000000035001,South Portland pharmacy,,,,,2024-08-22 16:33:18,2024-08-22 16:33:18
20262000000552079,20262000000035001,Youngs Pharmacy,,,,,2024-08-22 16:33:18,2024-08-22 16:33:18
20262000000552081,20262000000035001,bayleyhordpenko@gmail.com,,,,,2024-08-22 16:33:18,2024-08-22 16:33:18
20262000000552095,20262000000035001,Advantage Central Clinic,,,,,2024-08-22 16:33:18,2024-08-22 16:33:18
20262000000552109,20262000000035001,lisa.phann@gmail.com,,,,,2024-08-22 16:33:18,2024-08-22 16:33:18
20262000000552145,20262000000035001,Birdwood Pharmacy,,,,,2024-08-22 16:33:18,2024-08-22 16:33:18
20262000000552167,20262000000035001,Malouf Manly Pharmacy,,,,,2024-08-22 16:33:18,2024-08-22 16:33:18
20262000000552169,20262000000035001,Eight Mile Plains Discount Drug Store,,,,,2024-08-22 16:33:18,2024-08-22 16:33:18
20262000000552183,20262000000035001,Newport Pharmacy,,,,,2024-08-22 16:33:18,2024-08-22 16:33:18
20262000000552197,20262000000035001,lowpricepharmacy@gmail.coml,,,,,2024-08-22 16:33:18,2024-08-22 16:33:18
20262000000552201,20262000000035001,Rothwell Good Price Pharmacy Warehouse,,,,,2024-08-22 16:33:18,2024-08-22 16:33:18
20262000000552243,20262000000035001,Guyra pharmacy,,,,,2024-08-22 16:33:18,2024-08-22 16:33:18
20262000000552245,20262000000035001,Chemsave Day and Night,,,,,2024-08-22 16:33:18,2024-08-22 16:33:18
20262000000552275,20262000000035001,Infinity Pharmacy Bli Bli,,,,,2024-08-22 16:33:18,2024-08-22 16:33:18
20262000000552297,20262000000035001,faryal_yousuf@outlook.com,,,,,2024-08-22 16:33:18,2024-08-22 16:33:18
20262000000552321,20262000000035001,chemist warehouse,,,,,2024-08-22 16:33:18,2024-08-22 16:33:18
20262000000552351,20262000000035001,viena.habbabe@gmail.com,,,,,2024-08-22 16:33:19,2024-08-22 16:33:19
20262000000552371,20262000000035001,Elizabeth,,,,,2024-08-22 16:33:19,2024-08-22 16:33:19
20262000000552408,20262000000035001,NEW NORFOLK AMCAL PHARMACY,,,,,2024-08-22 16:33:19,2024-08-22 16:33:19
20262000000552429,20262000000035001,Trafalgar Guardian Pharmacy,,,,,2024-08-22 16:33:19,2024-08-22 16:33:19
20262000000552469,20262000000035001,woywoy@theinfinitygroup.net.au,,,,,2024-08-22 16:33:19,2024-08-22 16:33:19
20262000000552487,20262000000035001,Amaroo Priceline Pharmacy,,,,,2024-08-22 16:33:19,2024-08-22 16:33:19
20262000000552527,20262000000035001,TerryWhite Chemmart Myer Centre,,,,,2024-08-22 16:33:19,2024-08-22 16:33:19
20262000000552553,20262000000035001,Crookwell Soul Pattinson,,,,,2024-08-22 16:33:19,2024-08-22 16:33:19
20262000000552555,20262000000035001,Priceline Pharmacy Werribee,,,,,2024-08-22 16:33:19,2024-08-22 16:33:19
20262000000552569,20262000000035001,Direct Chemist Outlet Mt Coolum,,,,,2024-08-22 16:33:19,2024-08-22 16:33:19
20262000000552583,20262000000035001,virender65@hotmail.com,,,,,2024-08-22 16:33:19,2024-08-22 16:33:19
20262000000552586,20262000000035001,Releaf Noosa Dispensary,,,,,2024-08-22 16:33:19,2024-08-22 16:33:19
2.0262E+16,20262000000035001,Terry White Chemmart Bairnsdale,,,,,2024-08-22 16:33:19,2024-08-22 16:33:19
20262000000552625,20262000000035001,ohoa@bigpond.co,,,,,2024-08-22 16:33:19,2024-08-22 16:33:19
20262000000552657,20262000000035001,Herne Hil Pharmacy,,,,,2024-08-22 16:33:19,2024-08-22 16:33:19
20262000000552659,20262000000035001,Priceline Pharmacy Dandenong Plaza (Level 1 Shop 122),,,,,2024-08-22 16:33:20,2024-08-22 16:33:20
20262000000552691,20262000000035001,donna@directchemistoutlet.com.au,,,,,2024-08-22 16:33:20,2024-08-22 16:33:20
20262000000552717,20262000000035001,Direct chemist outlet Cardinia lakes,,,,,2024-08-22 16:33:20,2024-08-22 16:33:20
20262000000552737,20262000000035001,Bail3y_anni3,,,,,2024-08-22 16:33:20,2024-08-22 16:33:20
20262000000552757,20262000000035001,*Sarina Beach Discount Drug Store,,,,,2024-08-22 16:33:20,2024-08-22 16:33:20
20262000000552759,20262000000035001,Bests Pharmacy,,,,,2024-08-22 16:33:20,2024-08-22 16:33:20
20262000000552791,20262000000035001,Teds Pharmacy,,,,,2024-08-22 16:33:20,2024-08-22 16:33:20
20262000000552793,20262000000035001,DCO Glenroy,,,,,2024-08-22 16:33:20,2024-08-22 16:33:20
20262000000552807,20262000000035001,DCO Somerville Centro,,,,,2024-08-22 16:33:20,2024-08-22 16:33:20
20262000000552821,20262000000035001,Direct Chemist Outlet Werribee Central,,,,,2024-08-22 16:33:20,2024-08-22 16:33:20
20262000000552835,20262000000035001,North Orange Discount Drug Store,,,,,2024-08-22 16:33:20,2024-08-22 16:33:20
20262000000552839,20262000000035001,Burdekin Plaza Pharmacy,,,,,2024-08-22 16:33:20,2024-08-22 16:33:20
20262000000552863,20262000000035001,Amaroo Medical Pharmacy,,,,,2024-08-22 16:33:20,2024-08-22 16:33:20
20262000000552877,20262000000035001,CDP Group,,,,,2024-08-22 16:33:20,2024-08-22 16:33:20
20262000000552909,20262000000035001,*Port Macquarie Priceline Pharmacy,,,,,2024-08-22 16:33:20,2024-08-22 16:33:20
20262000000552935,20262000000035001,Carlyle Gardens Pharmacy,,,,,2024-08-22 16:33:20,2024-08-22 16:33:20
20262000000552955,20262000000035001,Blooms the Chemist Glenorchy,,,,,2024-08-22 16:33:20,2024-08-22 16:33:20
20262000000552981,20262000000035001,TerryWhite Chemmart Burpengary,,,,,2024-08-22 16:33:20,2024-08-22 16:33:20
20262000000552983,20262000000035001,Labrador Park Pharmacy,,,,,2024-08-22 16:33:20,2024-08-22 16:33:20
20262000000552997,20262000000035001,Pharmacy 4 Less Five Dock Parramatta Road,,,,,2024-08-22 16:33:20,2024-08-22 16:33:20
20262000000553029,20262000000035001,TerryWhite Chemmart - Lavington,,,,,2024-08-22 16:33:20,2024-08-22 16:33:20
20262000000553031,20262000000035001,TerryWhite Chemmart Australia Fair,,,,,2024-08-22 16:33:20,2024-08-22 16:33:20
20262000000553045,20262000000035001,Pharma1,,,,,2024-08-22 16:33:20,2024-08-22 16:33:20
20262000000553077,20262000000035001,Goonellabah,,,,,2024-08-22 16:33:20,2024-08-22 16:33:20
20262000000553091,20262000000035001,Bonnyrigg Priceline Pharmacy,,,,,2024-08-22 16:33:21,2024-08-22 16:33:21
20262000000553093,20262000000035001,nelliott@scaffidips.com.au,,,,,2024-08-22 16:33:21,2024-08-22 16:33:21
20262000000553137,20262000000035001,Terrywhite Chemmart Korumburra,,,,,2024-08-22 16:33:21,2024-08-22 16:33:21
20262000000553157,20262000000035001,Grenfell Pharmacy,,,,,2024-08-22 16:33:21,2024-08-22 16:33:21
20262000000553177,20262000000035001,Coober pedy pharmacy,,,,,2024-08-22 16:33:21,2024-08-22 16:33:21
20262000000553203,20262000000035001,Bomaderry Pharmacy,,,,,2024-08-22 16:33:21,2024-08-22 16:33:21
20262000000553223,20262000000035001,Thrive Pharmacy,,,,,2024-08-22 16:33:21,2024-08-22 16:33:21
20262000000553225,20262000000035001,Inform Pharmacy,,,,,2024-08-22 16:33:21,2024-08-22 16:33:21
20262000000553239,20262000000035001,West Cessnock Pharmacy,,,,,2024-08-22 16:33:21,2024-08-22 16:33:21
20262000000553243,20262000000035001,Woodend Pharmacy,,,,,2024-08-22 16:33:21,2024-08-22 16:33:21
20262000000553255,20262000000035001,"Chemist Warehouse, Griffith",,,,,2024-08-22 16:33:21,2024-08-22 16:33:21
20262000000553305,20262000000035001,Terry White chemmart Mackay,,,,,2024-08-22 16:33:21,2024-08-22 16:33:21
20262000000553319,20262000000035001,Leeton Discount Chemist,,,,,2024-08-22 16:33:21,2024-08-22 16:33:21
20262000000553339,20262000000035001,quynhlien5.nguyen@gmail.com,,,,,2024-08-22 16:33:21,2024-08-22 16:33:21
20262000000553359,20262000000035001,shilpamaryalias95@gmail.com,,,,,2024-08-22 16:33:21,2024-08-22 16:33:21
20262000000553384,20262000000035001,anjafaustein@hotmail.com,,,,,2024-08-22 16:33:21,2024-08-22 16:33:21
20262000000553411,20262000000035001,"Priceline Pharmacy Ringwood (Shop 1068, Eastland Shopping Centre)",,,,,2024-08-22 16:33:21,2024-08-22 16:33:21
20262000000553437,20262000000035001,Dareton Pharmacy,,,,,2024-08-22 16:33:22,2024-08-22 16:33:22
20262000000553463,20262000000035001,Chemsave Korumburra,,,,,2024-08-22 16:33:22,2024-08-22 16:33:22
20262000000553483,20262000000035001,Chemist Outlet,,,,,2024-08-22 16:33:22,2024-08-22 16:33:22
20262000000553485,20262000000035001,CDC Berwick,,,,,2024-08-22 16:33:22,2024-08-22 16:33:22
20262000000553517,20262000000035001,Terry White Chemmart,,,,,2024-08-22 16:33:22,2024-08-22 16:33:22
20262000000553519,20262000000035001,lara.dabscheck@chemistwarehouse.com.au,,,,,2024-08-22 16:33:22,2024-08-22 16:33:22
20262000000553551,20262000000035001,ab44cd@gmail.com,,,,,2024-08-22 16:33:22,2024-08-22 16:33:22
20262000000553571,20262000000035001,*Gordonvale Discount Drug Store,,,,,2024-08-22 16:33:22,2024-08-22 16:33:22
20262000000553573,20262000000035001,Chemist warehouse,,,,,2024-08-22 16:33:22,2024-08-22 16:33:22
20262000000553611,20262000000035001,Fawkner Pharmacy (new ownership),,,,,2024-08-22 16:33:22,2024-08-22 16:33:22
20262000000553613,20262000000035001,Chemist Discount Centre Laurimar,,,,,2024-08-22 16:33:22,2024-08-22 16:33:22
20262000000553645,20262000000035001,Alliance Cessnock Chemist,,,,,2024-08-22 16:33:22,2024-08-22 16:33:22
20262000000553677,20262000000035001,Infinity Pharmacy Operations,,,,,2024-08-22 16:33:22,2024-08-22 16:33:22
20262000000553703,20262000000035001,Bob's Chemist Newtown,,,,,2024-08-22 16:33:22,2024-08-22 16:33:22
20262000000553705,20262000000035001,tony@pinnaclepharmacy.com.au,,,,,2024-08-22 16:33:22,2024-08-22 16:33:22
20262000000553719,20262000000035001,TerryWhite Chemmart Murrumba Downs,,,,,2024-08-22 16:33:22,2024-08-22 16:33:22
20262000000553751,20262000000035001,Direct Chemist Outlet Riverdale,,,,,2024-08-22 16:33:22,2024-08-22 16:33:22
20262000000553777,20262000000035001,Scott Street Pharmacy,,,,,2024-08-22 16:33:22,2024-08-22 16:33:22
20262000000553809,20262000000035001,Direct chemist outlet Belvedere Park,,,,,2024-08-22 16:33:23,2024-08-22 16:33:23
20262000000553811,20262000000035001,The Compounding Lab,,,,,2024-08-22 16:33:23,2024-08-22 16:33:23
20262000000553843,20262000000035001,Amcal Mt. Isa,,,,,2024-08-22 16:33:23,2024-08-22 16:33:23
20262000000553869,20262000000035001,Priceline pharmacy Urangan,,,,,2024-08-22 16:33:23,2024-08-22 16:33:23
20262000000553889,20262000000035001,WadeÃ¢â¬â¢s Wellness Chemist,,,,,2024-08-22 16:33:23,2024-08-22 16:33:23
20262000000553909,20262000000035001,Gin Gin Pharmacy,,,,,2024-08-22 16:33:23,2024-08-22 16:33:23
20262000000553911,20262000000035001,LoweÃ¢â¬â¢s Werribee Amcal,,,,,2024-08-22 16:33:23,2024-08-22 16:33:23
20262000000553943,20262000000035001,maryann@douglaschemists.com.au,,,,,2024-08-22 16:33:23,2024-08-22 16:33:23
20262000000553963,20262000000035001,gerakaris.pharmacy@nunet.com.au,,,,,2024-08-22 16:33:23,2024-08-22 16:33:23
20262000000553965,20262000000035001,TerryWhite Chemmart Toowong,,,,,2024-08-22 16:33:23,2024-08-22 16:33:23
20262000000553967,20262000000035001,rabrol@hotmail.com,,,,,2024-08-22 16:33:23,2024-08-22 16:33:23
20262000000553993,20262000000035001,HealthSAVE Chemist Charlestown,,,,,2024-08-22 16:33:23,2024-08-22 16:33:23
20262000000553998,20262000000035001,Inverell Pharmacy,,,,,2024-08-22 16:33:23,2024-08-22 16:33:23
20262000000554039,20262000000035001,TWCM Kawana 1,,,,,2024-08-22 16:33:23,2024-08-22 16:33:23
20262000000554041,20262000000035001,mike_hanania@hotmail.com,,,,,2024-08-22 16:33:23,2024-08-22 16:33:23
20262000000554055,20262000000035001,Dco Saltwater,,,,,2024-08-22 16:33:23,2024-08-22 16:33:23
20262000000554091,20262000000035001,*Mareeba Wholelife Pharmacy and Healthfoods,,,,,2024-08-22 16:33:23,2024-08-22 16:33:23
20262000000554117,20262000000035001,Direct Chemist Outlet Tarneit West,,,,,2024-08-22 16:33:23,2024-08-22 16:33:23
20262000000554121,20262000000035001,Eltham Ridge Pharmacy,,,,,2024-08-22 16:33:23,2024-08-22 16:33:23
20262000000554152,20262000000035001,Chemist warehouse Liverpool,,,,,2024-08-22 16:33:23,2024-08-22 16:33:23
20262000000554185,20262000000035001,Terry White Chemmart Golden Grove,,,,,2024-08-22 16:33:24,2024-08-22 16:33:24
20262000000554203,20262000000035001,Surge Pharma,,,,,2024-08-22 16:33:24,2024-09-12 15:21:47
20262000000554243,20262000000035001,Direct Chemist Outlet Rothwell,,,,,2024-08-22 16:33:24,2024-08-22 16:33:24
20262000000554245,20262000000035001,klaudija13z@gmail.com,,,,,2024-08-22 16:33:24,2024-08-22 16:33:24
20262000000554259,20262000000035001,strabrokepharmacy@gamil.com,,,,,2024-08-22 16:33:24,2024-08-22 16:33:24
20262000000554317,20262000000035001,Tyabb Pharmacy,,,,,2024-08-22 16:33:24,2024-08-22 16:33:24
20262000000554337,20262000000035001,Gloucester Pharmacy,,,,,2024-08-22 16:33:24,2024-08-22 16:33:24
20262000000554363,20262000000035001,*Redbank Priceline Pharmacy,,,,,2024-08-22 16:33:24,2024-08-22 16:33:24
20262000000554381,20262000000035001,iessbritt15@gmail.com,,,,,2024-08-22 16:33:24,2024-08-22 16:33:24
20262000000554397,20262000000035001,Locumate3@theinfinitygroup.net.au,,,,,2024-08-22 16:33:24,2024-08-22 16:33:24
20262000000554417,20262000000035001,TerryWhite Chemmart Armstrong Creek,,,,,2024-08-22 16:33:24,2024-08-22 16:33:24
20262000000554437,20262000000035001,United Chemists Tennant Creek,,,,,2024-08-22 16:33:24,2024-08-22 16:33:24
20262000000554463,20262000000035001,Stotts Pharmacy 777,,,,,2024-08-22 16:33:25,2024-08-22 16:33:25
20262000000554483,20262000000035001,Priceline Pharmacy Oxley,,,,,2024-08-22 16:33:25,2024-08-22 16:33:25
20262000000554509,20262000000035001,Priceline Pharmacy Westfield Sydney,,,,,2024-08-22 16:33:25,2024-08-22 16:33:25
20262000000554529,20262000000035001,Yass Priceline Pharmacy,,,,,2024-08-22 16:33:25,2024-08-22 16:33:25
20262000000554531,20262000000035001,Power Pharmacy,,,,,2024-08-22 16:33:25,2024-08-22 16:33:25
20262000000554545,20262000000035001,Kempsey Pharmacy,,,,,2024-08-22 16:33:25,2024-08-22 16:33:25
20262000000554589,20262000000035001,Mullein Pharmacy Carseldine PHARMACY SOLD,,,,,2024-08-22 16:33:25,2024-08-22 16:33:25
20262000000554591,20262000000035001,Priceline Pharmacy Dandenong Plaza Upper (Shop 71-72 ),,,,,2024-08-22 16:33:25,2024-08-22 16:33:25
20262000000554593,20262000000035001,DCO Langwarrin,,,,,2024-08-22 16:33:25,2024-08-22 16:33:25
20262000000554637,20262000000035001,Good Price Pharmacy McGraths Hill,,,,,2024-08-22 16:33:25,2024-08-22 16:33:25
20262000000554639,20262000000035001,Terry White Chemmart Maddingley,,,,,2024-08-22 16:33:25,2024-08-22 16:33:25
20262000000554653,20262000000035001,Clifton Pharmacy,,,,,2024-08-22 16:33:25,2024-08-22 16:33:25
20262000000554667,20262000000035001,Calanna Whole Health Pharmacy Kirwan,,,,,2024-08-22 16:33:25,2024-08-22 16:33:25
20262000000554711,20262000000035001,TerryWhite Chemmart Sunshine Plaza Express,,,,,2024-08-22 16:33:25,2024-08-22 16:33:25
20262000000554713,20262000000035001,MIEGEL'S PHARMACY RUTHERGLEN,,,,,2024-08-22 16:33:25,2024-08-22 16:33:25
20262000000554757,20262000000035001,Pearcedale Pharmacy discount chemist,,,,,2024-08-22 16:33:25,2024-08-22 16:33:25
20262000000554777,20262000000035001,Amcal+ Cornwall Street Pharmacy,,,,,2024-08-22 16:33:26,2024-08-22 16:33:26
20262000000554779,20262000000035001,kumchloe@gmail.com,,,,,2024-08-22 16:33:26,2024-08-22 16:33:26
20262000000554781,20262000000035001,Goulburn Priceline Pharmacy,,,,,2024-08-22 16:33:26,2024-08-22 16:33:26
20262000000554825,20262000000035001,Direct chemist outlet mildura,,,,,2024-08-22 16:33:26,2024-08-22 16:33:26
20262000000554851,20262000000035001,Dco hampton park central,,,,,2024-08-22 16:33:26,2024-08-22 16:33:26
20262000000554877,20262000000035001,Friendly Pharmacy,,,,,2024-08-22 16:33:26,2024-08-22 16:33:26
20262000000554879,20262000000035001,*Yamba Priceline Pharmacy,,,,,2024-08-22 16:33:26,2024-08-22 16:33:26
20262000000554911,20262000000035001,Guardian Pharmacy Mt Isa,,,,,2024-08-22 16:33:26,2024-08-22 16:33:26
20262000000554913,20262000000035001,Southside & Masens Pharmacy,,,,,2024-08-22 16:33:26,2024-08-22 16:33:26
20262000000554915,20262000000035001,Burnt Pine Pharmacy,,,,,2024-08-22 16:33:26,2024-08-22 16:33:26
20262000000554941,20262000000035001,Kerang TWCM,,,,,2024-08-22 16:33:26,2024-08-22 16:33:26
20262000000554955,20262000000035001,hr@douglaschemists.com.au,,,,,2024-08-22 16:33:26,2024-08-22 16:33:26
20262000000554969,20262000000035001,Rand Pharm,,,,,2024-08-22 16:33:26,2024-08-22 16:33:26
20262000000554983,20262000000035001,Chemsave Korumburra Pharmacy,,,,,2024-08-22 16:33:26,2024-08-22 16:33:26
20262000000555057,20262000000035001,CDC BORONIA,,,,,2024-08-22 16:33:26,2024-08-22 16:33:26
20262000000555059,20262000000035001,Blooms the Chemist Ararat,,,,,2024-08-22 16:33:26,2024-08-22 16:33:26
20262000000555091,20262000000035001,Mittagong Priceline Pharmacy,,,,,2024-08-22 16:33:26,2024-08-22 16:33:26
20262000000555111,20262000000035001,Parkes Pharmacy,,,,,2024-08-22 16:33:26,2024-08-22 16:33:26
20262000000641001,20262000000035001,APhA,,,,,2024-08-29 22:42:21,2024-08-29 22:42:21
20262000000641015,20262000000035001,Sigma Healthcare HQ - DDS,,,,,2024-08-29 22:45:07,2025-10-28 14:39:08
20262000000641029,20262000000035001,Independent Pharmacies of Australia (IPA),,,,,2024-08-29 22:47:27,2024-08-29 22:47:27
20262000000641055,20262000000035001,Shortis & Timmins Pharmacy,,,,,2024-08-30 13:50:33,2024-08-30 13:50:33
20262000000674103,20262000000035001,Blooms the chemist padstow,,,,,2024-09-03 10:30:18,2024-09-03 10:30:18
20262000000692159,20262000000035001,Blooms the Chemist Figtree,,,,,2024-09-04 15:05:36,2024-09-04 15:05:36
20262000000692215,20262000000035001,Carruthers Pharmacy,,,,,2024-09-04 15:27:03,2024-09-04 15:27:03
20262000000741001,20262000000035001,National Pharmacies,,,,,2024-09-06 16:00:25,2024-09-06 16:00:25
20262000000741067,20262000000035001,Ramsay Pharmacies,,,,,2024-09-06 16:09:49,2024-09-06 16:09:49
20262000000803356,20262000000035001,LocumCo,,,,,2024-09-15 13:56:58,2024-09-15 13:56:58
20262000000803380,20262000000035001,Foote's Pharmacy Collingwood Park,,,,,2024-09-16 11:14:52,2024-09-16 11:14:52
20262000000808387,20262000000035001,Dimbulah chemist,,,,,2024-09-12 15:18:46,2024-09-12 15:18:46
20262000000808390,20262000000035001,Currambine pharmacy & gifts,,,,,2024-09-12 15:18:46,2024-09-12 15:18:46
20262000000902151,20262000000035001,Palmwoods Pharmacy,,,,,2024-09-23 21:02:51,2024-09-23 21:02:51
20262000000949089,20262000000035001,Discount Drug Store Mackay,,,,,2024-09-25 10:27:51,2024-09-25 10:27:51
20262000000949165,20262000000035001,Treasury Pharmacy,,,,,2024-09-25 11:39:38,2024-09-25 11:39:38
20262000000985084,20262000000035001,Blooms the chemist Camberwell,,,,,2024-09-30 20:50:59,2024-09-30 20:50:59
20262000001019001,20262000000035001,Parkes Pharmacy,,,,,2024-10-04 16:37:37,2024-10-04 16:37:37
20262000001038031,20262000000035001,Drysdale Amcal Pharmacy,,,,,2024-10-07 6:30:13,2024-10-07 6:30:13
20262000001038101,20262000000035001,Bordertown Pharmacy,,,,,2024-10-07 7:05:04,2024-10-07 7:05:04
20262000001038165,20262000000035001,Clavin and Miller Pharmacy,,,,,2024-10-07 7:10:14,2024-10-07 7:10:14
20262000001063126,20262000000035001,Advantage Pharmacy Warragul,,,,,2024-10-10 11:04:08,2024-10-10 11:04:08
20262000001063340,20262000000035001,California Education,,,,,2024-10-14 10:07:36,2024-10-14 10:07:36
20262000001063362,20262000000035001,Ernst and Young,,,,,2024-10-14 10:23:14,2024-10-14 10:23:14
20262000001143169,20262000000035001,CustomMed Compounding Pharmacy,,,,,2024-10-22 13:27:21,2024-10-22 13:27:21
20262000001143233,20262000000035001,Collaroy Plateau Pharmacy,,,,,2024-10-22 13:30:49,2024-10-22 13:30:49
20262000001165308,20262000000035001,Chemist Discount Centre Gosnells,,,,,2024-10-23 15:37:14,2024-10-23 15:37:14
20262000001165338,20262000000035001,Jindabyne Pharmacy,,,,,2024-10-23 16:59:25,2024-10-23 16:59:25
20262000001165402,20262000000035001,Advantage Darley plaza pharmacy,,,,,2024-10-23 17:03:10,2024-10-23 17:03:10
20262000001165464,20262000000035001,Priceline Pharmacy Taree,,,,,2024-10-23 17:44:19,2024-10-23 17:44:19
20262000001165528,20262000000035001,Rebecca Baker Pharmacy,,,,,2024-10-23 17:58:50,2024-10-23 17:58:50
20262000001165634,20262000000035001,BLAXLAND DAY AND NIGHT PHARMACY,,,,,2024-10-23 18:02:23,2024-10-23 18:02:23
20262000001182063,20262000000035001,Carters Pharmacy Gunnedah,,,,,2024-10-24 13:44:13,2024-10-24 13:44:13
20262000001182127,20262000000035001,Priceline Pharmacy Albany Creek,,,,,2024-10-24 13:50:50,2024-10-24 13:50:50
20262000001182199,,Hospital Staff Solutions Limited,,,,,2024-10-24 16:16:23,2024-10-24 16:16:22
20262000001235432,20262000000035001,Woodridge Discount Pharmacy,,,,,2024-10-30 20:10:30,2024-10-30 20:10:30
20262000001250099,20262000000035001,Bermagui Pharmacy,,,,,2024-10-31 19:45:46,2024-10-31 19:45:46
20262000001250205,20262000000035001,Trichome Medicinal Dispensary,,,,,2024-10-31 19:54:37,2024-10-31 19:54:37
20262000001250227,20262000000035001,Woombye Pharmacy,,,,,2024-10-31 20:41:48,2024-10-31 20:41:48
20262000001250465,20262000000035001,Chemist Warehouse Swan Street Richmond,,,,,2024-11-04 11:47:24,2024-11-04 11:47:24
20262000001250559,,Medical Centre Pharmacy Brookvale,,,,,2024-11-04 22:19:07,2024-11-04 22:19:07
20262000001250811,20262000000035001,Blooms The Chemist St Helens TAS,,,,,2024-11-05 21:10:06,2024-11-05 21:10:06
20262000001250873,20262000000035001,Medlife Discount Chemist,,,,,2024-11-05 21:23:43,2024-11-05 21:23:43
20262000001286025,20262000000035001,Hooper Centre Pharmacy,,,,,2024-11-06 12:56:30,2024-11-06 12:56:30
20262000001286091,20262000000035001,Coopers Pharmacy Taree,,,,,2024-11-06 12:58:50,2024-11-06 12:58:50
20262000001286163,20262000000035001,Inglewood Pharmacy Victoria,,,,,2024-11-06 14:26:29,2024-11-06 14:26:29
20262000001286265,20262000000035001,Priceline Findlay & Weymouth,,,,,2024-11-06 19:32:04,2024-11-06 19:32:04
20262000001333171,20262000000035001,Scripts for You Somerville,,,,,2024-11-16 0:23:13,2024-11-16 0:23:13
20262000001333341,20262000000035001,Old Bar Pharmacy,,,,,2024-11-18 20:21:44,2024-11-18 20:21:44
20262000001333405,20262000000035001,Carnovale Pharmacy,,,,,2024-11-18 20:26:00,2024-11-18 20:26:00
20262000001333541,20262000000035001,Pharmac Guild of Australia,,,,,2024-11-19 12:56:22,2024-11-19 12:56:22
20262000001420233,20262000000035001,Curra Pharmacy Discount Chemist,,,,,2024-11-26 21:22:49,2025-10-24 15:08:45
20262000001440103,20262000000035001,TerryWhite Chemmart HQ,,,,,2024-12-02 9:28:09,2025-10-28 14:34:39
20262000001440301,20262000000035001,Wesfarmers Health,,,,,2024-12-02 9:35:07,2025-01-10 12:47:24
20262000001550053,20262000000035001,Cincotta Chemist Auburn,,,,,2024-12-11 18:05:31,2024-12-11 18:05:31
20262000001603319,20262000000035001,Amcal Oxenford (Gold Coast Super Clinic Pharmacy),,,,,2024-12-18 18:17:21,2024-12-18 18:17:21
20262000001665001,20262000000035001,Waratah Village Amcal,,,,,2024-12-31 0:06:23,2024-12-31 0:06:23
20262000001665209,20262000000035001,Cincotta Chemist Rousehill,,,,,2024-12-31 17:06:51,2024-12-31 17:06:51
20262000001665433,20262000000035001,Mccrossin and Phan Pharmacy,,,,,2025-01-02 23:15:01,2025-01-02 23:15:01
20262000001665539,20262000000035001,Amberly Park Pharmacy,,,,,2025-01-03 0:47:58,2025-01-03 0:47:58
20262000001665645,20262000000035001,Murray Bridge Terry White Chemmart,,,,,2025-01-03 1:04:17,2025-01-03 1:04:17
20262000001690139,20262000000035001,McKinnon Pharmacy,,,,,2025-01-06 23:37:29,2025-01-06 23:37:29
20262000001690723,20262000000035001,Amcal Bayswater Drive-In Pharmacy,,,,,2025-01-07 23:33:44,2025-01-07 23:33:44
20262000001732061,20262000000035001,Gardenvale pharmacy,,,,,2025-01-08 16:45:18,2025-01-08 16:45:18
20262000001746539,,Friendly Care HQ,,,,,2025-01-09 11:00:09,2025-10-28 14:37:10
20262000001746662,20262000000035001,Miners Dispensary,,,,,2025-01-09 17:44:40,2025-01-09 17:44:40
20262000001757587,20262000000035001,DCO Northcote,,,,,2025-01-16 9:04:21,2025-01-16 9:04:21
20262000001757864,20262000000035001,DCO RIVERDALE,,,,,2025-01-16 19:44:02,2025-01-16 19:44:02
20262000001766015,20262000000035001,Amcal Lawnton Pharmacy,,,,,2025-01-10 14:27:34,2025-01-10 14:27:34
20262000001766087,20262000000035001,Tablelands Discount Drug Store,,,,,2025-01-10 14:39:51,2025-01-10 14:39:51
20262000001766153,20262000000035001,Caringbah DDS,,,,,2025-01-10 14:46:18,2025-01-10 14:46:18
20262000001766219,20262000000035001,Rokeby,,,,,2025-01-10 14:49:51,2025-01-10 14:49:51
20262000001766285,20262000000035001,Springwood Discount Drugstore,,,,,2025-01-10 14:52:35,2025-01-10 14:52:35
20262000001766409,20262000000035001,Ormeau 7 Day Amcal Chemist,,,,,2025-01-10 16:18:35,2025-01-10 16:18:35
20262000001766475,20262000000035001,Hope Island 7 Day Amcal Chemist,,,,,2025-01-10 16:22:22,2025-01-10 16:22:22
20262000001766585,20262000000035001,Amcal Mordialloc,,,,,2025-01-10 16:43:46,2025-01-10 16:43:46
20262000001766705,20262000000035001,Gold Coast Super Clinic Amcal Chemist,,,,,2025-01-10 16:51:43,2025-01-10 16:51:43
20262000001770183,20262000000035001,Dennington Discount Chemist,,,,,2025-01-16 8:44:19,2025-01-16 8:44:19
20262000001770454,20262000000035001,DCO Pakenham,,,,,2025-01-16 15:02:59,2025-01-16 15:02:59
20262000001772360,20262000000035001,DCO Point Cook,,,,,2025-01-16 9:19:54,2025-01-16 9:19:53
20262000001772694,20262000000035001,Direct Chemist Outlet Heyfield,,,,,2025-01-16 10:29:03,2025-01-16 10:29:03
20262000001772696,20262000000035001,Direct Chemist Outlet Craigieburn Village,,,,,2025-01-16 10:29:03,2025-01-16 10:29:03
20262000001776163,20262000000035001,DCO OAKLEIGH SOUTH,,,,,2025-01-16 8:45:19,2025-01-16 8:45:19
20262000001776585,20262000000035001,Direct Chemist Outlet Koo Wee Rup,,,,,2025-01-16 9:54:29,2025-01-16 9:54:29
20262000001779813,20262000000035001,Highfields Discount Drug Store,,,,,2025-01-10 18:37:31,2025-01-10 18:37:31
20262000001779919,20262000000035001,Strachans Pharmacy,,,,,2025-01-10 18:39:10,2025-01-10 18:39:10
20262000001779983,20262000000035001,FriendlyCare Pharmacy Burleigh,,,,,2025-01-10 18:40:23,2025-01-10 18:40:23
20262000001780047,20262000000035001,TerryWhite Chemmart Lake Munmorah,,,,,2025-01-10 18:43:29,2025-01-16 14:24:47
20262000001780111,20262000000035001,Georges Hall Pharmacy,,,,,2025-01-10 18:44:32,2025-01-10 18:44:32
20262000001780173,20262000000035001,V22 Dispensary,,,,,2025-01-10 18:46:37,2025-01-10 18:46:37
20262000001780235,20262000000035001,Midas Healthcare,,,,,2025-01-10 18:47:36,2025-01-10 18:47:36
20262000001780928,20262000000035001,Seaford Day-Night Chemist,,,,,2025-01-14 17:18:36,2025-01-14 17:18:36
20262000001785159,20262000000035001,DCO Monier,,,,,2025-01-16 9:17:23,2025-01-16 9:17:23
20262000001785336,20262000000035001,Direct Chemist Outlet Paradise Garden,,,,,2025-01-16 9:22:55,2025-01-16 9:22:54
20262000001785557,20262000000035001,Direct Chemist Outlet Oakey,,,,,2025-01-16 14:18:23,2025-01-16 14:18:23
20262000001795064,20262000000035001,Fraz Family Pharmacy Highett,,,,,2025-01-14 20:29:39,2025-01-14 20:29:39
20262000001795286,20262000000035001,Beerwah Amcal Pharmacy,,,,,2025-01-15 21:39:46,2025-01-15 21:39:46
20262000001806118,20262000000035001,Pambula Pharmacy,,,,,2025-01-16 11:39:07,2025-01-16 11:39:07
20262000001806295,20262000000035001,DCO COBURG NORTH,,,,,2025-01-16 15:36:04,2025-01-16 15:36:04
20262000001806526,20262000000035001,DCO Central Highlands,,,,,2025-01-16 23:27:05,2025-01-16 23:27:06
20262000001806747,20262000000035001,DCO Caloundra,,,,,2025-01-17 15:04:12,2025-01-17 15:04:12
20262000001807114,20262000000035001,DCO BERWICK,,,,,2025-01-16 15:02:29,2025-01-16 15:02:29
20262000001811080,20262000000035001,Dco Centro Somerville,,,,,2025-01-17 15:06:12,2025-01-17 15:06:12
20262000001816613,20262000000035001,Chemist Brothers,,,,,2025-01-20 17:59:44,2025-01-20 17:59:44
20262000001816797,20262000000035001,TWCM Bennett Springs,,,,,2025-01-20 21:20:32,2025-01-20 21:20:32
20262000001827204,20262000000035001,Discount Pharmacy Australia Viewbank,,,,,2025-01-20 12:38:22,2025-01-20 12:38:22
20262000001841235,20262000000035001,Discount Phamacy Australia Viewbank,,,,,2025-01-21 17:48:45,2025-01-21 17:48:45
20262000001841389,20262000000035001,Pambula Phamacy,,,,,2025-01-21 17:53:43,2025-01-21 17:53:43
20262000001841455,20262000000035001,Tyabb Discount Phamacy,,,,,2025-01-21 17:54:29,2025-01-21 17:54:29
20262000001841521,20262000000035001,Direct Chemist Outlet Craigiebun Village,,,,,2025-01-21 17:55:33,2025-01-21 17:55:33
20262000001841587,20262000000035001,DCO Pakenham,,,,,2025-01-21 17:56:13,2025-01-21 17:56:13
20262000001890165,20262000000035001,Your Chemist Shop Fletcher,,,,,2025-01-27 14:30:19,2025-01-27 14:30:19
20262000001890229,20262000000035001,DCO Store onboard,,,,,2025-01-27 15:00:18,2025-01-27 15:00:18
20262000001890643,20262000000035001,Budgewoi Discount Drug Store,,,,,2025-01-28 20:49:08,2025-01-28 20:49:08
20262000001891045,20262000000035001,DCO Store onboard,,,,,2025-01-27 9:29:18,2025-01-27 9:29:18
20262000001900017,20262000000035001,Direct Chemist Outlet Gympie,,,,,2025-01-27 14:18:15,2025-01-27 14:18:15
20262000001917021,20262000000035001,Mallacoota Pharmacy,,,,,2025-01-29 1:29:15,2025-01-29 1:29:15
20262000001926342,20262000000035001,Boambee Discount Drug Store,,,,,2025-01-29 18:14:42,2025-01-29 18:14:42
20262000001926777,20262000000035001,DCO Northcote,,,,,2025-01-31 14:42:21,2025-01-31 14:42:21
20262000001926997,20262000000035001,Healthcare Australia,,,,,2025-02-03 12:34:27,2025-02-03 12:34:27
20262000001956403,20262000000035001,Amcal Pharmacy Kempsey,,,,,2025-02-03 22:58:26,2025-02-03 22:58:26
20262000001956863,20262000000035001,DCO OAKLEIGH SOUTH,,,,,2025-02-04 15:16:36,2025-02-05 16:40:13
20262000002004009,20262000000035001,Busselton Discount Drug Store,,,,,2025-02-06 22:53:31,2025-02-06 22:53:31
20262000002004195,20262000000035001,Gillieston Heights DDS,,,,,2025-02-07 17:39:11,2025-02-07 17:39:11
20262000002028085,20262000000035001,TWCM Clare,,,,,2025-02-10 14:54:18,2025-02-10 14:54:18
20262000002056001,20262000000035001,Tregear DDS,,,,,2025-02-11 0:04:35,2025-02-11 0:04:35
20262000002056627,20262000000035001,FriendlyCare Pharmacy Booval,,,,,2025-02-12 20:39:34,2025-02-12 20:39:34
20262000002056741,20262000000035001,FriendlyCare Pharmacy Ipswich,,,,,2025-02-12 20:45:58,2025-02-12 20:45:58
20262000002056949,20262000000035001,FriendlyCare Pharmacy Nundah,,,,,2025-02-12 21:01:57,2025-02-12 21:01:57
20262000002069147,20262000000035001,Priceline Sandgate,,,,,2025-02-12 21:08:54,2025-02-12 21:08:54
20262000002069257,20262000000035001,FriendlyCare Jacobs Well,,,,,2025-02-12 21:11:25,2025-02-12 21:11:25
20262000002103023,20262000000035001,Life Pharmacy Group,,,,,2025-02-15 12:39:02,2025-02-15 12:39:02
20262000002103117,20262000000035001,Priceline Pharmacy Bundaberg,,,,,2025-02-17 16:02:15,2025-02-17 16:02:15
20262000002131001,20262000000035001,Walkerston Pharmacy,,,,,2025-02-20 21:00:25,2025-02-20 21:00:25
20262000002146059,20262000000035001,Cooleman Court Pharmacy,,,,,2025-02-25 15:16:50,2025-02-25 15:16:50
20262000002146173,20262000000035001,Terrywhite Chemmart Pinjarra,,,,,2025-02-25 19:53:47,2025-02-25 19:53:47
20262000002205446,20262000000035001,Blooms the Chemist Paynesville,,,,,2025-03-10 22:33:49,2025-03-10 22:33:49
20262000002243005,20262000000035001,TerryWhite Chemmart Mackay City,,,,,2025-03-11 15:51:28,2025-03-11 15:51:28
20262000002243115,20262000000035001,Calanna TerryWhite Chemmart McLeod Street,,,,,2025-03-11 15:54:21,2025-03-11 15:54:21
20262000002243225,20262000000035001,TerryWhite Chemmart Caneland Mackay,,,,,2025-03-11 16:05:55,2025-03-11 16:05:55
20262000002243335,20262000000035001,Calanna TerryWhite Chemmart Deeragun,,,,,2025-03-11 16:08:02,2025-03-11 16:08:02
20262000002243445,20262000000035001,Calanna TerryWhite Chemmart Aitkenvale,,,,,2025-03-11 16:09:49,2025-03-11 16:09:49
20262000002243555,20262000000035001,Calanna TerryWhite Chemmart Currajong,,,,,2025-03-11 17:21:21,2025-03-11 17:21:21
20262000002243685,20262000000035001,Capital Chemist Temora,,,,,2025-03-11 23:46:54,2025-03-11 23:46:54
20262000002265380,20262000000035001,Erindale Pharmacy,,,,,2025-03-14 20:41:33,2025-03-14 20:41:33
20262000002265402,20262000000035001,Lanyon Pharmacy,,,,,2025-03-14 20:51:41,2025-03-14 20:51:41
20262000002265424,20262000000035001,Mountview Pharmacy,,,,,2025-03-14 21:05:48,2025-03-14 21:05:48
20262000002265446,20262000000035001,Queanbeyan Pharmacy,,,,,2025-03-14 21:11:10,2025-03-14 21:11:10
20262000002265472,20262000000035001,Orana Mall Pharmacy,,,,,2025-03-14 21:20:49,2025-03-14 21:20:49
20262000002265690,20262000000035001,Amcal Camberwell,,,,,2025-03-17 21:51:19,2025-03-17 21:51:19
20262000002265760,20262000000035001,Earlwood Pharmacy,,,,,2025-03-17 22:24:43,2025-03-17 22:24:43
20262000002347312,20262000000035001,Synergy Pharmacy Group,,,,,2025-03-24 10:40:47,2025-03-24 10:40:47
20262000002347418,20262000000035001,Rigel Health,,,,,2025-03-24 10:44:06,2025-03-24 10:44:06
20262000002347484,20262000000035001,Change Pharma,,,,,2025-03-24 10:48:24,2025-03-24 10:48:24
20262000002347550,20262000000035001,Capital Chemist,,,,,2025-03-24 10:50:54,2025-03-24 10:50:54
20262000002347682,20262000000035001,Wizard Pharmacy Bunbury Centrepoint,,,,,2025-03-24 21:56:45,2025-03-24 21:56:45
20262000002347746,20262000000035001,Wizard Pharmacy Bunbury Parks Centre,,,,,2025-03-24 22:02:45,2025-03-24 22:02:45
20262000002347812,20262000000035001,Wizard Pharmacy Bunbury Central,,,,,2025-03-24 22:14:33,2025-03-24 22:14:33
20262000002347878,20262000000035001,Wizard Pharmacy Claremont,,,,,2025-03-24 22:19:40,2025-03-24 22:19:40
20262000002347944,20262000000035001,Wizard Pharmacy Geraldton Stirlings Central,,,,,2025-03-24 22:24:28,2025-03-24 22:24:28
20262000002372054,20262000000035001,Wizard Pharmacy Gateways,,,,,2025-03-24 22:45:54,2025-03-24 22:45:54
20262000002381298,20262000000035001,TerryWhite Chemmart Burpengary Express,,,,,2025-03-26 16:17:16,2025-03-26 16:17:16
20262000002381408,20262000000035001,TerryWhite Chemmart Glasshouse Mountains,,,,,2025-03-26 16:21:25,2025-03-26 16:21:25
20262000002381606,20262000000035001,TerryWhite Chemmart Kawana Shoppingworld 2,,,,,2025-03-26 16:31:38,2025-03-26 16:31:38
20262000002381804,20262000000035001,TerryWhite Chemmart Noosa Outlook,,,,,2025-03-26 16:48:40,2025-03-26 16:48:40
20262000002382245,20262000000035001,Priceline Pharmacy Rutherford,,,,,2025-03-25 16:07:37,2025-03-25 16:07:37
20262000002401002,20262000000035001,TerryWhite Chemmart Tewantin,,,,,2025-03-26 16:55:21,2025-03-26 16:55:21
20262000002401112,20262000000035001,TerryWhite Chemmart Bundaberg,,,,,2025-03-26 16:57:58,2025-03-26 16:57:58
20262000002424009,20262000000035001,TerryWhite Chemmart Chatswood Chase,,,,,2025-03-27 16:39:10,2025-03-27 16:39:10
20262000002424119,20262000000035001,TerryWhite Chemmart Gundagai,,,,,2025-03-27 17:34:37,2025-03-27 17:34:37
20262000002424233,20262000000035001,TerryWhite Chemmart Harden,,,,,2025-03-27 18:36:28,2025-03-27 18:36:28
20262000002424343,20262000000035001,TerryWhite Chemmart Lockhart,,,,,2025-03-27 18:39:53,2025-03-27 18:39:53
20262000002424453,20262000000035001,TerryWhite Chemmart West Wyalong,,,,,2025-03-27 18:42:44,2025-03-27 18:42:44
20262000002424563,20262000000035001,TerryWhite Chemmart Westfield Tuggerah,,,,,2025-03-27 18:45:20,2025-03-27 18:45:20
20262000002424673,20262000000035001,TerryWhite Chemmart Rockingham Centre – Read Street,,,,,2025-03-27 18:48:33,2025-03-27 18:48:33
20262000002424783,20262000000035001,TerryWhite Chemmart Waikiki,,,,,2025-03-27 18:51:06,2025-03-27 18:51:06
20262000002424891,20262000000035001,TerryWhite Chemmart Whitford City,,,,,2025-03-27 18:53:24,2025-03-27 18:53:24
20262000002438089,20262000000035001,TerryWhite Chemmart Brookside,,,,,2025-03-27 23:29:41,2025-03-27 23:29:41
20262000002438199,20262000000035001,Terry White Chemmart Clayfield,,,,,2025-03-27 23:42:18,2025-03-27 23:42:18
20262000002438309,20262000000035001,TerryWhite Chemmart Nerang,,,,,2025-03-27 23:48:02,2025-03-27 23:48:02
20262000002463031,20262000000035001,Flynn's Beach Pharmacy,,,,,2025-04-01 5:09:28,2025-04-01 5:09:28
20262000002463634,20262000000035001,Barts TerryWhite Chemmart Hampton East,,,,,2025-04-02 16:53:10,2025-04-02 16:53:10
20262000002463744,20262000000035001,Calanna TerryWhite Chemmart Castlemaine,,,,,2025-04-02 16:58:26,2025-04-02 16:58:26
20262000002463854,20262000000035001,TerryWhite Chemmart Benton's Square,,,,,2025-04-02 17:07:17,2025-04-02 17:07:17
20262000002463964,20262000000035001,TerryWhite Chemmart Castlemaine Express,,,,,2025-04-02 17:10:11,2025-04-02 17:10:11
20262000002470074,20262000000035001,TerryWhite Chemmart Douglas Street,,,,,2025-04-02 17:23:05,2025-04-02 17:23:05
20262000002470140,20262000000035001,TerryWhite Chemmart Eltham Town Centre,,,,,2025-04-02 17:31:13,2025-04-02 17:31:13
20262000002470250,20262000000035001,TerryWhite Chemmart Mentone,,,,,2025-04-02 17:56:01,2025-04-02 17:56:01
20262000002470358,20262000000035001,Thompsons TerryWhite Chemmart Eltham,,,,,2025-04-02 18:22:08,2025-04-02 18:22:08
20262000002470468,20262000000035001,TerryWhite Chemmart Atherton,,,,,2025-04-02 18:29:07,2025-04-02 18:29:07
20262000002470544,20262000000035001,TerryWhite Chemmart Cairns Central,,,,,2025-04-02 20:05:08,2025-04-02 20:05:08
20262000002470610,20262000000035001,TerryWhite Chemmart Edmonton,,,,,2025-04-02 20:07:04,2025-04-02 20:07:04
20262000002470720,20262000000035001,TerryWhite Chemmart North Cairns,,,,,2025-04-02 20:09:39,2025-04-02 20:09:39
20262000002470918,20262000000035001,TerryWhite Chemmart Innisfail,,,,,2025-04-02 20:14:36,2025-04-02 20:14:36
20262000002471148,20262000000035001,TerryWhite Chemmart Alstonville Main St,,,,,2025-04-03 20:42:13,2025-04-03 20:42:13
20262000002471362,20262000000035001,TerryWhite Chemmart HallsHead,,,,,2025-04-03 21:02:25,2025-04-03 21:02:25
20262000002482207,20262000000035001,TerryWhite Chemmart Samford,,,,,2025-04-07 16:48:52,2025-04-07 16:48:52
20262000002556009,20262000000035001,Charleville Pharmacy,,,,,2025-04-10 17:49:42,2025-04-10 17:49:42
20262000002556367,20262000000035001,Friendlies Discount pharmacy Childers,,,,,2025-04-11 14:05:12,2025-04-11 14:05:12
20262000002556939,20262000000035001,Mount Isa Central Amcal Pharmacy,,,,,2025-04-14 16:33:27,2025-04-14 16:33:27
20262000002568097,20262000000035001,Bradfordville Pharmacy,,,,,2025-04-14 21:55:57,2025-04-14 21:55:57
20262000002606001,20262000000035001,my nexus health,,,,,2025-04-18 13:00:22,2025-04-18 13:00:22
20262000002716001,20262000000035001,TerryWhite Chemmart Bundaberg,,,,,2025-05-01 21:50:22,2025-05-01 21:50:22
20262000002738478,20262000000035001,DCO Kingston,,,,,2025-05-07 17:01:42,2025-05-07 17:01:42
20262000002763581,20262000000035001,Reedy creek Pharmacy,,,,,2025-05-15 22:56:09,2025-05-15 22:56:09
20262000002866063,20262000000035001,Priceline Pharmacy Potts Point,,,,,2025-05-28 12:16:38,2025-05-28 12:16:38
20262000002866065,20262000000035001,Priceline Pharmacy Bridgewater,,,,,2025-05-28 12:16:38,2025-05-28 12:16:38
20262000002866653,20262000000035001,Priceline pharmacy morisset,,,,,2025-05-28 12:17:07,2025-05-28 12:17:08
20262000002866954,20262000000035001,Priceline Pharmacy Kwinana,,,,,2025-05-28 12:17:37,2025-05-28 12:17:37
20262000002866958,20262000000035001,Priceline Pharmacy Chermside,,,,,2025-05-28 12:17:37,2025-05-28 12:17:37
20262000002866978,20262000000035001,Priceline Pharmacy Woden,,,,,2025-05-28 12:17:37,2025-05-28 12:17:38
20262000002866980,20262000000035001,Richmond Traders,,,,,2025-05-28 12:17:37,2025-05-28 12:17:39
2.0262E+16,20262000000035001,Priceline pharmacy shellharbour,,,,,2025-05-28 12:17:37,2025-05-28 12:17:38
2.0262E+16,20262000000035001,HAh,,,,,2025-05-27 23:41:54,2025-05-27 23:41:54
20262000002867317,20262000000035001,Priceline Pharmacy Glenorchy,,,,,2025-05-28 12:16:38,2025-05-28 12:16:38
20262000002867614,20262000000035001,Priceline Pharmacy Pacific Fair,,,,,2025-05-28 12:17:07,2025-05-28 12:17:07
20262000002867660,20262000000035001,Priceline Pharmacy Perth Central Station,,,,,2025-05-28 12:17:07,2025-05-28 12:17:07
20262000002873081,20262000000035001,Direct Chemist Outlet Maroochydore,,,,,2025-05-26 21:52:26,2025-05-26 21:52:26
20262000002873750,20262000000035001,Capital Chemist Palmerston,,,,,2025-05-28 3:02:50,2025-05-28 3:02:50
20262000002873978,20262000000035001,Capital Chemist University of Canberra,,,,,2025-05-28 3:14:55,2025-05-28 3:14:55
20262000002875137,20262000000035001,Priceline Pharmacy Marsden Park,,,,,2025-05-28 12:16:38,2025-05-28 12:16:38
20262000002875438,20262000000035001,Priceline Pharmacy Toowong,,,,,2025-05-28 12:17:07,2025-05-28 12:17:07
20262000002875741,20262000000035001,Priceline pharmacy Spencer park,,,,,2025-05-28 12:17:37,2025-05-28 12:17:37
20262000002875743,20262000000035001,Priceline Pharmacy Mt Eliza,,,,,2025-05-28 12:17:37,2025-05-28 12:17:37
20262000002877238,20262000000035001,Priceline pharmacy casula,,,,,2025-05-28 12:16:38,2025-05-28 12:16:39
20262000002877240,20262000000035001,Priceline Pharmacy The Avenues,,,,,2025-05-28 12:16:38,2025-05-28 12:16:38
20262000002877508,20262000000035001,Priceline Pharmacy Green Valley,,,,,2025-05-28 12:16:38,2025-05-28 12:16:38
20262000002878189,20262000000035001,Priceline Pharmacy Armidale,,,,,2025-05-28 12:17:37,2025-05-28 12:17:37
20262000002878211,20262000000035001,Priceline Pharmacy Ingleburn,,,,,2025-05-28 12:17:37,2025-05-28 12:17:38
20262000002878213,20262000000035001,Newcomb Central,,,,,2025-05-28 12:17:37,2025-05-28 12:17:37
20262000002878215,20262000000035001,Priceline pharmacy baulkham hills,,,,,2025-05-28 12:17:37,2025-05-28 12:17:39
20262000002878253,20262000000035001,Priceline Pharmacy Dee Why,,,,,2025-05-28 12:17:37,2025-05-28 12:17:39
20262000002890636,20262000000035001,Priceline Pharmacy Tweed Heads,,,,,2025-05-28 17:51:32,2025-05-28 17:51:32
20262000002890864,20262000000035001,Priceline Pharmacy Albury,,,,,2025-05-28 17:56:52,2025-05-28 17:56:52
20262000002894125,20262000000035001,Priceline Pharmacy Roselands,,,,,2025-05-28 12:17:07,2025-05-28 12:17:07
20262000002894147,20262000000035001,Priceline Pharmacy Balaclava,,,,,2025-05-28 12:17:07,2025-05-28 12:17:07
20262000002894149,20262000000035001,Priceline Pharmacy Quakers Hill,,,,,2025-05-28 12:17:07,2025-05-28 12:17:07
20262000002895465,20262000000035001,Priceline Mitcham,,,,,2025-05-28 12:17:37,2025-05-28 12:17:40
20262000002895770,20262000000035001,PLP Geelong Wedt,,,,,2025-05-28 12:18:07,2025-05-28 12:18:07
20262000002895792,20262000000035001,Priceline pharmacy cottesloe,,,,,2025-05-28 12:18:07,2025-05-28 12:18:07
20262000002895796,20262000000035001,Priceline Pharmacy The Grove,,,,,2025-05-28 12:18:07,2025-05-28 12:18:08
20262000002895798,20262000000035001,Priceline pharmacy Thompson parkway,,,,,2025-05-28 12:18:07,2025-05-28 12:18:07
20262000002896263,20262000000035001,Priceline Pharmacy Gordon,,,,,2025-05-28 12:17:37,2025-05-28 12:17:37
20262000002896265,20262000000035001,Priceline pharmacy Park stree6,,,,,2025-05-28 12:17:37,2025-05-28 12:17:37
20262000002896289,20262000000035001,Rouse Hill Pharmacy,,,,,2025-05-28 12:17:37,2025-05-28 12:17:37
20262000002896313,20262000000035001,priceline beaumaris,,,,,2025-05-28 12:17:37,2025-05-28 12:17:38
20262000002896353,20262000000035001,Priceline pharmacy port pirie,,,,,2025-05-28 12:17:37,2025-05-28 12:17:38
20262000002897002,20262000000035001,Priceline Pharmacy Sanctuary Lakes,,,,,2025-05-28 12:17:37,2025-05-28 12:17:38
20262000002898494,20262000000035001,Priceline Pharmacy Bateau Bay,,,,,2025-05-28 12:18:07,2025-05-28 12:18:07
20262000002898496,20262000000035001,PLP Margaret Street,,,,,2025-05-28 12:18:07,2025-05-28 12:18:07
20262000002898536,20262000000035001,Fiona Cochrane,,,,,2025-05-28 12:18:07,2025-05-28 12:18:07
20262000002898540,20262000000035001,Priceline pharmacy operation,,,,,2025-05-28 12:18:07,2025-05-28 12:18:07
20262000002898618,20262000000035001,Priceline pharmacy Ooralea,,,,,2025-05-28 12:18:07,2025-05-28 12:18:08
20262000002899748,20262000000035001,Priceline Pharmacy Narellan,,,,,2025-05-28 12:18:07,2025-05-28 12:18:07
20262000002899768,20262000000035001,Plp Fairfield Central,,,,,2025-05-28 12:18:07,2025-05-28 12:18:07
20262000002899816,20262000000035001,Priceline Pharmacy Karrinyup,,,,,2025-05-28 12:18:07,2025-05-28 12:18:07
20262000002900831,20262000000035001,Priceline pharmacy Canberra centre,,,,,2025-05-28 12:18:07,2025-05-28 12:18:08
20262000002901734,20262000000035001,Priceline Pharmacy Lane Cove,,,,,2025-05-28 12:18:07,2025-05-28 12:18:07
20262000002901754,20262000000035001,Priceline Pharmacy Narellan Town Centre,,,,,2025-05-28 12:18:07,2025-05-28 12:18:07
20262000002901798,20262000000035001,Priceline pharmacy Yass,,,,,2025-05-28 12:18:07,2025-05-28 12:18:08
20262000002903645,20262000000035001,Priceline Pharmacy Mt Eliza,,,,,2025-05-28 12:18:37,2025-05-28 12:18:37
20262000002903647,20262000000035001,Priceline pharmacy south city square,,,,,2025-05-28 12:18:37,2025-05-28 12:18:38
20262000002905619,20262000000035001,Priceline Pharmacy Bairnsdale,,,,,2025-05-28 12:18:37,2025-05-28 12:18:37
20262000002905641,20262000000035001,Priceline Pharma y Dee why,,,,,2025-05-28 12:18:37,2025-05-28 12:18:37
20262000002905661,20262000000035001,PricelinePharmac Torquay,,,,,2025-05-28 12:18:37,2025-05-28 12:18:38
20262000002906299,20262000000035001,Priceline Glebe Hill,,,,,2025-05-28 12:18:37,2025-05-28 12:18:37
20262000002906596,20262000000035001,Priceline Garfen City,,,,,2025-05-28 12:20:08,2025-05-28 12:20:07
20262000002907362,20262000000035001,Priceline pharmacy Kingston,,,,,2025-05-28 12:18:38,2025-05-28 12:18:38
20262000002907811,20262000000035001,Priceline Pharmacy Menai,,,,,2025-05-28 12:19:08,2025-05-28 12:19:07
20262000002908115,20262000000035001,Priceline Pharmacy Armidale,,,,,2025-05-28 12:18:37,2025-05-28 12:18:37
20262000002908135,20262000000035001,Priceline Pharmacy Secret Harbour,,,,,2025-05-28 12:18:37,2025-05-28 12:18:38
20262000002908137,20262000000035001,Arkaba Priceline Pharmacy,,,,,2025-05-28 12:18:37,2025-05-28 12:18:39
20262000002909363,20262000000035001,Priceline Pharmacy Midland Gatr,,,,,2025-05-28 12:18:38,2025-05-28 12:18:38
20262000002910510,20262000000035001,Priceline Warringah Mall,,,,,2025-05-28 17:02:24,2025-05-28 17:02:25
20262000002911066,20262000000035001,Priceline Pharmacy Forster,,,,,2025-05-29 16:10:13,2025-05-29 16:10:13
20262000002913217,20262000000035001,Priceline Pharmacy Charlestown,,,,,2025-05-28 17:34:55,2025-05-28 17:34:56
20262000002915104,20262000000035001,Priceline Pharmacy Kippa-Ring,,,,,2025-05-28 18:30:43,2025-05-28 18:30:43
20262000002915332,20262000000035001,Priceline pharmacy south city square,,,,,2025-05-28 18:56:01,2025-05-28 18:56:01
20262000002922005,20262000000035001,AFS Pharmacy Frenchville,,,,,2025-05-30 3:22:03,2025-05-30 3:22:03
20262000002922304,20262000000035001,AFS Pharmacy City Heart,,,,,2025-05-31 3:14:58,2025-05-31 3:14:58
20262000002922352,20262000000035001,Priceline Pharmacy Lane Cove,,,,,2025-05-31 3:17:07,2025-05-31 3:17:07
20262000002924281,20262000000035001,Priceline Moree Pharmacy,,,,,2025-06-03 0:57:19,2025-06-03 0:57:19
20262000002941958,20262000000035001,Healthyworld Pharmacy Coomera,,,,,2025-06-02 20:50:29,2025-06-02 20:50:29
20262000002949192,20262000000035001,AFS Friendly Pharmacy Berserker,,,,,2025-06-02 20:57:04,2025-06-02 20:57:04
20262000002966001,20262000000035001,Priceline Pharmacy Runaway Bay,,,,,2025-06-03 14:51:01,2025-06-03 14:51:01
20262000002967647,20262000000035001,AFS Pharmacy,,,,,2025-06-04 14:24:23,2025-06-04 14:24:23
20262000002967895,20262000000035001,Priceline Pharmacy Caloundra,,,,,2025-06-04 23:16:26,2025-06-04 23:16:26
20262000002976033,20262000000035001,Priceline Pharmacy Bateau Bay,,,,,2025-06-04 23:21:46,2025-06-04 23:21:46
20262000002976261,20262000000035001,Jetty Village Pharmacy,,,,,2025-06-04 23:39:15,2025-06-04 23:39:15
20262000003010087,20262000000035001,Priceline Pharmacy The Avenues,,,,,2025-06-10 1:27:17,2025-06-10 1:27:17
2.0262E+16,20262000000035001,Priceline Pharmacy Camberwell,,,,,2025-06-11 4:12:29,2025-06-11 4:12:29
20262000003016618,20262000000035001,priceline  pharmacy tea tree plaza,,,,,2025-06-13 12:34:52,2025-06-13 12:34:52
20262000003041168,20262000000035001,Priceline pharmacy tea tree plaza,,,,,2025-06-13 15:01:41,2025-06-13 15:01:41
20262000003051143,20262000000035001,Priceline Pharmacy Tanunda,,,,,2025-06-16 12:44:52,2025-06-16 12:44:52
20262000003054001,20262000000035001,Complete Health Pharmacy,,,,,2025-06-13 22:14:48,2025-06-13 22:14:48
20262000003071327,20262000000035001,Blooms the Chemist (HQ),,,,,2025-06-17 17:33:51,2025-06-17 17:33:51
20262000003071499,20262000000035001,Clinicare Pharmacy Wickham,,,,,2025-06-19 3:12:47,2025-06-19 3:12:47
20262000003155471,20262000000035001,True Green Health Dispensary Strathpine,,,,,2025-06-24 18:16:48,2025-06-24 18:16:48
20262000003155829,20262000000035001,TerryWhite Chemmart Mirrabooka,,,,,2025-06-25 14:49:28,2025-06-25 14:49:28
20262000003157580,20262000000035001,Priceline Pharmacy St Marys,,,,,2025-06-30 14:44:38,2025-06-30 14:44:39
20262000003167325,20262000000035001,Priceline Pharmacy tamworth,,,,,2025-06-27 15:39:27,2025-06-27 15:39:27
20262000003175079,20262000000035001,Pharmasave West Ryde Chemist,,,,,2025-06-26 2:27:40,2025-06-26 2:27:40
20262000003175905,20262000000035001,True Green Health Dispensary Strathpine,,,,,2025-06-26 16:38:06,2025-06-26 16:38:06
20262000003197461,20262000000035001,Woody point Chempro,,,,,2025-07-02 13:56:56,2025-07-02 13:56:56
2.0262E+16,20262000000035001,Bowraville Pharmacy,,,,,2025-07-07 22:42:50,2025-07-07 22:42:50
20262000003273918,20262000000035001,AHS Joseph Amerena Pharmacy,,,,,2025-07-08 14:55:10,2025-07-08 14:55:10
20262000003280009,20262000000035001,LiveLife Pharmacy Blackwater,,,,,2025-07-09 0:59:38,2025-07-09 0:59:38
20262000003296214,20262000000035001,TerryWhite Chemmart Sunny Bank,,,,,2025-07-09 17:30:30,2025-07-09 17:30:30
20262000003296348,20262000000035001,TerryWhite Chemmart Bridge Plaza,,,,,2025-07-09 18:05:25,2025-07-09 18:05:25
20262000003305001,20262000000035001,TerryWhite Chemmart Batehaven,,,,,2025-07-09 19:13:25,2025-07-09 19:13:25
20262000003305135,20262000000035001,TerryWhite Chemmart Batemans Bay,,,,,2025-07-09 19:20:06,2025-07-09 19:20:06
20262000003320114,20262000000035001,Sanctuary cove chempro,,,,,2025-07-11 22:45:09,2025-07-11 22:45:09
20262000003320336,20262000000035001,Jenny Milner-Marsha Watson pharmacy,,,,,2025-07-11 23:00:36,2025-07-11 23:00:36
20262000003423047,20262000000035001,Royal Melbourne Hospital,,,,,2025-07-23 14:44:10,2025-07-23 14:44:10
20262000003453005,20262000000035001,Priceline Pharmacy Caboolture,,,,,2025-07-24 21:29:29,2025-07-24 21:29:29
20262000003453145,20262000000035001,Terry White Chemmart Ayr,,,,,2025-07-24 22:10:54,2025-07-24 22:10:54
20262000003490061,20262000000035001,Priceline Pharmacy Maroochydore,,,,,2025-07-30 11:01:23,2025-07-30 11:01:23
20262000003491863,20262000000035001,Summer Lakes Pharmacy,,,,,2025-07-28 21:21:36,2025-07-28 21:21:36
20262000003501372,20262000000035001,Healesville Walk Pharamcy,,,,,2025-07-30 4:06:47,2025-07-30 4:06:47
20262000003522005,20262000000035001,Priceline Pharmacy Maroubra / Dory Haddad,,,,,2025-07-31 14:15:23,2025-07-31 14:15:23
20262000003522153,20262000000035001,Birks Chemists,,,,,2025-07-31 22:59:43,2025-07-31 22:59:43
20262000003541575,20262000000035001,TerryWhite Chemmart Brisbane City,,,,,2025-08-02 0:09:09,2025-08-02 0:09:09
20262000003545747,20262000000035001,Vytal Health,,,,,2025-08-04 17:56:05,2025-08-04 17:56:05
20262000003545805,20262000000035001,Priceline Pharmacy Mundaring,,,,,2025-08-04 21:37:09,2025-08-04 21:37:09
20262000003578145,20262000000035001,Clinicare Pharmacy Quairading,,,,,2025-08-07 2:15:00,2025-08-07 2:15:00
20262000003578645,20262000000035001,Toogoolawah Pharmacy,,,,,2025-08-08 4:04:47,2025-08-08 4:04:47
20262000003682843,20262000000035001,Priceline Pharmacy Southlands nsw,,,,,2025-08-18 21:45:19,2025-09-30 14:58:34
20262000003684061,20262000000035001,Priceline Ohalloran Hill,,,,,2025-08-18 11:05:50,2025-08-18 11:05:50
20262000003684296,20262000000035001,Priceline Pharmacy Maitland,,,,,2025-08-18 20:51:44,2025-08-18 20:51:45
20262000003684591,20262000000035001,Priceline Pharmacy North Maclean,,,,,2025-08-19 7:55:00,2025-08-19 7:55:01
20262000003684886,20262000000035001,Priceline Pharmacy Tuggeranong,,,,,2025-08-19 10:41:09,2025-08-19 10:41:10
20262000003686245,20262000000035001,Priceline Port Lincoln,,,,,2025-08-18 10:49:18,2025-08-18 10:49:18
20262000003686554,20262000000035001,Priceline Pharmacy Mooroolbark,,,,,2025-08-18 11:58:54,2025-08-18 11:58:54
20262000003687222,20262000000035001,Priceline Pharmacy Lake Haven,,,,,2025-08-18 11:12:51,2025-08-18 11:12:51
20262000003687593,20262000000035001,Priceline pharmacy torquay,,,,,2025-08-18 14:33:01,2025-08-18 14:33:01
20262000003687934,20262000000035001,"Priceline Pharmacy Burwood, Priceline Pharmacy Bankstown",,,,,2025-08-18 17:28:17,2025-08-18 17:28:17
20262000003690103,20262000000035001,Priceline Pharmacy Moonee Ponds,,,,,2025-08-15 23:15:22,2025-08-15 23:15:22
20262000003702999,20262000000035001,Emporio Pharmacy,,,,,2025-08-19 19:49:56,2025-08-19 19:49:56
20262000003707001,20262000000035001,Priceline Pharmacy warrawong,,,,,2025-08-18 10:42:18,2025-08-18 10:42:19
20262000003707298,20262000000035001,Priceline Pharmacy Ararat,,,,,2025-08-18 11:07:20,2025-08-18 11:07:20
20262000003707593,20262000000035001,Priceline Pharmacy Mona Vale,,,,,2025-08-18 11:21:22,2025-08-18 11:21:22
20262000003710047,20262000000035001,Priceline Pharmacy St James,,,,,2025-08-18 13:45:59,2025-08-18 13:45:59
20262000003710362,20262000000035001,Priceline Gordon,,,,,2025-08-18 21:27:17,2025-08-18 21:27:17
20262000003718158,20262000000035001,Priceline Pharmacy The Ponds,,,,,2025-08-19 9:25:35,2025-08-19 9:25:36
20262000003718365,20262000000035001,Priceline Pharmacy Queanbeyan,,,,,2025-08-19 10:41:39,2025-08-19 10:41:39
20262000003718598,20262000000035001,Priceline Pharmacy Hamiltont,,,,,2025-08-20 15:29:18,2025-08-20 15:29:18
20262000003721183,20262000000035001,Priceline Pharmacy Westmead,,,,,2025-08-19 14:38:58,2025-08-19 14:38:58
20262000003722974,20262000000035001,Healthfirst Family Pharmacy,,,,,2025-08-22 0:28:17,2025-08-22 0:28:17
20262000003727043,20262000000035001,Priceline Pharmacy QUT Brisbane,,,,,2025-08-21 8:38:13,2025-08-21 8:38:13
20262000003727505,20262000000035001,Priceline Pharmacy Sunshine Market,,,,,2025-08-21 12:36:32,2025-08-21 12:36:32
20262000003732218,20262000000035001,Priceline Pharmacy Burpengary East,,,,,2025-08-25 16:10:27,2025-08-25 16:10:26
20262000003739346,20262000000035001,Priceline Pharmacy James St,,,,,2025-08-25 16:09:27,2025-08-25 16:09:27
20262000003749234,20262000000035001,Priceline Pharmacy Tuggerah,,,,,2025-08-26 12:11:30,2025-08-26 12:11:30
20262000003816191,20262000000035001,Priceline Pharmacy Mount Pleasant,,,,,2025-09-03 14:22:59,2025-09-03 14:22:59
20262000003838442,20262000000035001,Priceline Fernvale,,,,,2025-09-10 14:33:36,2025-09-10 14:33:37
20262000003900001,20262000000035001,MAPpharmacy,,,,,2025-09-11 22:30:34,2025-09-11 22:30:34
20262000003935270,20262000000035001,My Botanical Dispensary,,,,,2025-09-17 1:23:51,2025-09-17 1:23:51
20262000003935488,20262000000035001,Priceline Pharmacy Warringah Mall,,,,,2025-09-17 1:37:59,2025-09-17 1:37:59
20262000003935710,20262000000035001,Amcal Newmarket Compounding Pharmacy,,,,,2025-09-17 1:49:56,2025-09-17 1:49:56
20262000003935902,20262000000035001,Montague's Pharmacy,,,,,2025-09-17 14:10:31,2025-09-17 14:10:31
20262000003971154,20262000000035001,priceline pharmacy dapto,,,,,2025-09-21 15:18:35,2025-09-21 15:18:35
20262000004003001,20262000000035001,Eli pharmacy,,,,,2025-09-23 3:20:27,2025-09-23 3:20:27
20262000004003640,20262000000035001,Priceline Pharmacy Woden,,,,,2025-09-24 3:17:36,2025-09-24 3:17:36
20262000004013046,20262000000035001,Priceline Pharmacy Casula,,,,,2025-09-25 3:00:01,2025-09-25 3:00:01
20262000004023007,20262000000035001,Hamilton Pharmacy,,,,,2025-09-26 2:28:57,2025-09-26 2:28:57
20262000004154001,20262000000035001,Maryland Amcal,,,,,2025-10-09 1:17:40,2025-10-09 1:17:40
20262000004154351,20262000000035001,Currimundi Wholelife Pharmacy & Healthfoods,,,,,2025-10-10 15:52:58,2025-10-10 15:52:58
20262000004168683,20262000000035001,TerryWhite Chemmart Kyneton,,,,,2025-10-14 2:46:01,2025-10-14 2:46:01
20262000004231297,20262000000035001,TerryWhite Chemmart Sydenham,,,,,2025-10-20 22:08:00,2025-10-20 22:08:00
20262000004231677,20262000000035001,TerryWhite Chemmart Lilydale,,,,,2025-10-21 16:15:00,2025-10-21 16:15:00
20262000004231921,20262000000035001,TerryWhite Chemmart Toowoon Bay,,,,,2025-10-22 4:17:57,2025-10-22 4:17:57
20262000004258027,20262000000035001,Priceline Pharmacy Fernvale,,,,,2025-10-23 4:41:08,2025-10-23 4:41:08
20262000004316117,20262000000035001,Priceline Pharmacy Glenelg,,,,,2025-10-28 5:15:06,2025-10-28 5:15:06
20262000004324091,20262000000035001,Sigma Healthcare HQ - AMCAL,,,,,2025-10-28 14:39:26,2025-10-28 14:39:26
20262000004324141,20262000000035001,Coonabarabran Pharmacy,,,,,2025-10-28 16:04:23,2025-10-28 16:04:23
20262000004324359,20262000000035001,Engadine Priceline Pharmacy,,,,,2025-10-28 16:08:49,2025-10-28 16:08:49
20262000004343103,20262000000035001,Priceline pharmacy norwood,,,,,2025-10-29 15:41:43,2025-10-29 15:41:44
20262000004356107,20262000000035001,Blooms the Chemist Essendon,,,,,2025-10-30 3:13:16,2025-10-30 3:13:16
20262000004532063,20262000000035001,PHARMACY 4 LESS ASHFIELD,,,,,2025-11-11 21:35:44,2025-11-11 21:35:44
20262000004568517,20262000000035001,TerryWhite Chemmart Noranda,,,,,2025-11-18 19:13:19,2025-11-18 19:13:19
20262000004660179,20262000000035001,Seaforth Pharmacy,,,,,2025-12-01 23:04:39,2025-12-01 23:04:39
20262000004838095,20262000000035001,Bundaberg Plaza Discount Drug Store,,,,,2025-12-22 15:42:05,2025-12-22 15:42:05
20262000004905221,20262000000035001,Pharmacy 4 less Clyde North,,,,,2025-12-29 15:34:04,2025-12-29 15:34:04
20262000004905913,20262000000035001,WELLS ROAD PHARMACY,,,,,2025-12-31 16:07:55,2025-12-31 16:07:55
20262000005006561,20262000000035001,Twin Waters Pharmacy,,,,,2026-01-08 21:55:13,2026-01-08 21:55:13
20262000005075049,20262000000035001,WholeLife HQ,,,,,2026-01-19 17:28:27,2026-01-19 17:28:27
20262000005075543,20262000000035001,Priceline Pharmacy Camden,,,,,2026-01-21 14:10:45,2026-01-21 14:10:45
20262000005107065,20262000000035001,Priceline Pharmacy Strathpine,,,,,2026-01-24 7:19:23,2026-01-24 7:19:23
